CREATE DATABASE  IF NOT EXISTS `smallmovies` /*!40100 DEFAULT CHARACTER SET latin1 */;
USE `smallmovies`;
-- MySQL dump 10.13  Distrib 5.7.17, for macos10.12 (x86_64)

GRANT ALL PRIVILEGES ON smallmovies.* TO 'user'@'localhost' IDENTIFIED BY 'password' WITH GRANT OPTION;
--
-- Host: 127.0.0.1    Database: smallmovies
-- ------------------------------------------------------
-- Server version	5.7.19

/*!40101 SET @OLD_CHARACTER_SET_CLIENT=@@CHARACTER_SET_CLIENT */;
/*!40101 SET @OLD_CHARACTER_SET_RESULTS=@@CHARACTER_SET_RESULTS */;
/*!40101 SET @OLD_COLLATION_CONNECTION=@@COLLATION_CONNECTION */;
/*!40101 SET NAMES utf8 */;
/*!40103 SET @OLD_TIME_ZONE=@@TIME_ZONE */;
/*!40103 SET TIME_ZONE='+00:00' */;
/*!40014 SET @OLD_UNIQUE_CHECKS=@@UNIQUE_CHECKS, UNIQUE_CHECKS=0 */;
/*!40014 SET @OLD_FOREIGN_KEY_CHECKS=@@FOREIGN_KEY_CHECKS, FOREIGN_KEY_CHECKS=0 */;
/*!40101 SET @OLD_SQL_MODE=@@SQL_MODE, SQL_MODE='NO_AUTO_VALUE_ON_ZERO' */;
/*!40111 SET @OLD_SQL_NOTES=@@SQL_NOTES, SQL_NOTES=0 */;

--
-- Table structure for table `Actor`
--

DROP TABLE IF EXISTS `Actor`;
/*!40101 SET @saved_cs_client     = @@character_set_client */;
/*!40101 SET character_set_client = utf8 */;
CREATE TABLE `Actor` (
  `id` int(11) NOT NULL,
  `actor_id` int(11) DEFAULT NULL,
  `fname` varchar(120) DEFAULT NULL,
  `lname` varchar(120) DEFAULT NULL,
  `gender` int(11) DEFAULT NULL,
  PRIMARY KEY (`id`)
) ENGINE=InnoDB DEFAULT CHARSET=latin1;
/*!40101 SET character_set_client = @saved_cs_client */;

--
-- Dumping data for table `Actor`
--

LOCK TABLES `Actor` WRITE;
/*!40000 ALTER TABLE `Actor` DISABLE KEYS */;
INSERT INTO `Actor` VALUES (1,31,'Tom','Hanks',2),(2,12898,'Tim','Allen',2),(3,7167,'Don','Rickles',2),(4,12899,'Jim','Varney',2),(5,12900,'Wallace','Shawn',2),(6,7907,'John','Ratzenberger',2),(7,8873,'Annie','Potts',1),(8,1116442,'John','Morris',2),(9,12901,'Erik','von Detten',2),(10,12133,'Laurie','Metcalf',1),(11,8655,'R.','Lee Ermey',2),(12,12903,'Sarah','Freeman',1),(13,37221,'Penn','Jillette',2),(14,2157,'Robin','Williams',2),(15,193,'Gene','Hackman',2),(16,78729,'Nathan','Lane',2),(17,1902,'Dianne','Wiest',1),(18,31511,'Grant','Heslov',2),(19,5587,'Hank','Azaria',2),(20,5346,'Dan','Futterman',2),(21,49148,'Calista','Flockhart',1),(22,11870,'Christine','Baranski',1),(23,77338,'Tom','McGowan',2),(24,6193,'Leonardo','DiCaprio',2),(25,11478,'Lorraine','Bracco',1),(26,65395,'James','Madio',2),(27,13240,'Mark','Wahlberg',2),(28,9257,'Bruno','Kirby',2),(29,186526,'Patrick','McGaw',2),(30,3196,'Juliette','Lewis',1),(31,11486,'Michael','Imperioli',2),(32,8874,'Ernie','Hudson',2),(33,163985,'Manny','Alfaro',2),(34,185889,'Cynthia','Daniel',1),(35,35476,'Brittany','Daniel',1),(36,2053,'Bill','Paxton',2),(37,4724,'Kevin','Bacon',2),(38,33,'Gary','Sinise',2),(39,228,'Ed','Harris',2),(40,8183,'Kathleen','Quinlan',1),(41,8184,'Mary Kate','Schellhardt',1),(42,8185,'Emily Ann','Lloyd',1),(43,8186,'Miko','Hughes',2),(44,8187,'Max Elliott','Slade',2),(45,8188,'Jean','Speegle Howard',1),(46,8189,'Tracy','Reiner',1),(47,7219,'David','Andrews',2),(48,8190,'Michele','Little',1),(49,8191,'Chris','Ellis',2),(50,8192,'Joe','Spano',2),(51,3982,'Xander','Berkeley',2),(52,102429,'Roger','Corman',2),(53,1400384,'Andrew','Lipschultz',2),(54,152718,'Mark','Wheeler',2),(55,43461,'Endre','Hules',2),(56,15661,'Clint','Howard',2),(57,41517,'Christian','Clemenson',2),(58,16841,'Brett','Cullen',2),(59,8175,'Thom','Barry',2),(60,92808,'Gabriel','Jarret',2),(61,7852,'Jim','Lovell',2),(62,3291,'Hugh','Grant',2),(63,1231,'Julianne','Moore',1),(64,74036,'Tom','Arnold',2),(65,3234,'Joan','Cusack',1),(66,4785,'Jeff','Goldblum',2),(67,149209,'Mia','Cottet',1),(68,112085,'Joey','Simmrin',2),(69,34486,'Ashley','Johnson',1),(70,57674,'Alexa','PenaVega',1),(71,571982,'Aislin','Roche',1),(72,998895,'Priscilla','Alden',1),(73,1495928,'Edward','Ivory',2),(74,1344737,'James','Brady',2),(75,176340,'Charles','Martinet',2),(76,1232039,'Emily','Yancy',1),(77,38025,'Kristin','Davis',1),(78,1410494,'Betsy','Monroe',1),(79,84617,'Zelda','Williams',1),(80,1581386,'Anna','Barnathan',1),(81,1581387,'Cheryl','Lee Thorup',1),(82,1507605,'Violet','Columbus',1),(83,1581388,'Irene','Columbus',1),(84,11207,'David','Thewlis',2),(85,40938,'Romane','Bohringer',1),(86,19068,'Dominique','Blanc',1),(87,150916,'Nita','Klein',1),(88,1163055,'Felicie','Pasotti Cabarbaye',1),(89,46274,'James','Thirrie',2),(90,1163056,'Emmanuelle','Oppo',2),(91,12952,'Christopher','Hampton',2),(92,146375,'Denise','Chalem',1),(93,2829,'Andrzej','Seweryn',2),(94,35530,'Christopher','Thompson',2),(95,1163057,'Bruce','Van Barthold',2),(96,1163058,'Christopher','Chaplin',2),(97,309816,'Mathias','Jung',2),(98,1163059,'Kettly','Noel',1),(99,1163060,'Cheb','Han',2),(100,723,'Patrick','Swayze',2),(101,10814,'Wesley','Snipes',2),(102,5723,'John','Leguizamo',2),(103,8893,'Stockard','Channing',1),(104,52474,'Jason','London',2),(105,78589,'RuPaul','',2),(106,17488,'Alice','Drummond',1),(107,10401,'Blythe','Danner',1),(108,3229,'Arliss','Howard',2),(109,2969,'Chris','Penn',2),(110,4778,'Melinda','Dillon',1),(111,5151,'Beth','Grant',1),(112,15424,'Michael','Vartan',2),(113,56367,'Naomi','Campbell',1),(114,1100,'Arnold','Schwarzenegger',2),(115,518,'Danny','DeVito',2),(116,7056,'Emma','Thompson',1),(117,8924,'Frank','Langella',2),(118,14699,'Pamela','Reed',1),(119,106791,'Aida','Turturro',1),(120,22227,'Christopher','Meloni',2),(121,53570,'Megan','Cavanagh',1),(122,93620,'Welker','White',1),(123,19151,'James','Eckhouse',2),(124,1190638,'Mary','Gordon Murray',1),(125,52463,'Stefan','Gierasch',2),(126,101905,'Monika','Schnarre',1),(127,1246316,'Cassandra','Wilson',1),(128,1379079,'Julie','Nunis',1),(129,1229280,'Holly','Wortell',1),(130,57869,'Kevin','West',2),(131,1318896,'Lisa','Summerour',1),(132,52003,'Kathleen','Chalfant',1),(133,77012,'Michele','Abrams',1),(134,134531,'Anna','Gunn',1),(135,1379101,'Antoinette','Peragine',1),(136,190312,'Peter','Chen',2),(137,1226857,'Judy','Collins',1),(138,6937,'Lawrence','Tierney',2),(139,85867,'Matt','Mulhern',2),(140,11396,'Maggie','Han',1),(141,82415,'John','Pinette',2),(142,1379113,'Christopher','Pray',2),(143,102578,'Kevin','Sifuentes',2),(144,1379140,'Allen','Walls',2),(145,1223828,'Fred','Stoller',2),(146,1379153,'Dayna','Winston',1),(147,198878,'Misa','Koprova',1),(148,1144361,'Tom','Dugan',2),(149,1219384,'Alexander','Enberg',2),(150,1379090,'Jodi','Knotts',1),(151,1235819,'Mindy','Seeger',1),(152,105000,'Merle','Kennedy',1),(153,1378990,'Ryan','Doss',2),(154,1378995,'Brianna','McConnell',1),(155,171661,'Ellen','McLaughlin',1),(156,1193101,'Bubba Dean','Rambo',2),(157,1378998,'Brittany','McConnell',1),(158,1378991,'Zachary','Doss',2),(159,1379075,'Charmaine Alicia','Mancil',1),(160,100970,'Dee','Hengstler',1),(161,1379080,'Daryl','Richardson',2),(162,1379082,'Maurice','Schwartzman',1),(163,19263,'Charles','McGowan',2),(164,1379081,'Jerald','Vincent',2),(165,12939,'Ira','Newborn',2),(166,192268,'Lawrence T.','Wrentz',2),(167,1379084,'Kim','Wolfe',1),(168,1379091,'Susan','Dills',1),(169,1379092,'Maggy','Myers Davidson',1),(170,1379100,'Steven Lance','Carter',2),(171,1379096,'Brandon','Ross',2),(172,1379106,'Leah','Teweles',1),(173,68497,'Dean','Jacobson',2),(174,1171087,'John','Yang',2),(175,1035519,'Jan','Yanehiro',1),(176,1379116,'Sara','Peery',1),(177,1379117,'Dennis','O\'Donnell',2),(178,1379118,'Beth','Campbell Fitzgerald',1),(179,1379150,'Judy','Ovitz',1),(180,4430,'Sharon','Stone',1),(181,934,'Russell','Crowe',2),(182,2144,'Tobin','Bell',2),(183,66288,'Roberts','Blossom',2),(184,27116,'Kevin','Conway',2),(185,65827,'Keith','David',2),(186,2714,'Lance','Henriksen',2),(187,3798,'Pat','Hingle',2),(188,534,'Mark','Boone Jr',2),(189,27261,'Olivia','Burnette',1),(190,65409,'Fay','Masterson',1),(191,21082,'Raynor','Scheine',2),(192,4963,'Woody','Strode',2),(193,85,'Johnny','Depp',2),(194,17768,'Darlene','Cates',1),(195,2453,'Mary','Steenburgen',1),(196,17769,'Laura','Harrington',1),(197,4764,'John C.','Reilly',2),(198,17770,'Kevin','Tighe',2),(199,1064,'Crispin','Glover',2),(200,1375991,'Robert B.','Hedges',2),(201,1375994,'George','Haynes',2),(202,215830,'Cameron','Finley',2),(203,79008,'Mona Lee','Fultz',1),(204,172680,'Penelope','Branning',1),(205,1376009,'Kay','Bower',1),(206,1376012,'Tim','Simek',2),(207,177905,'Joe','Stevens',2),(208,1376033,'Tim','Green',2),(209,1376035,'Susan','Loughran',1),(210,111002,'Brady','Coleman',2),(211,1376047,'Mark','Jordan',2),(212,1089548,'Nicholas','Stojanovich',2),(213,1376059,'Daniel','Gullahorn',2),(214,2857,'Libby','Villari',1),(215,32,'Robin','Wright',1),(216,34,'Mykelti','Williamson',2),(217,35,'Sally','Field',1),(218,37821,'Michael','Humphreys',2),(219,204997,'Hanna','Hall',1),(220,9640,'Haley','Joel Osment',2),(221,6751,'Siobhan','Fallon',1),(222,37825,'Afemo','Omilami',2),(223,37822,'Peter','Dobson',2),(224,37823,'Sonny','Shroyer',2),(225,951881,'George','Kelly',2),(226,36221,'Sam','Anderson',2),(227,1215432,'Margo','Moorer',1),(228,1019727,'Christopher','Jones',2),(229,37832,'Kevin','Mangan',2),(230,29934,'Brett','Rice',2),(231,14526,'Daniel C.','Striepeke',2),(232,6310,'David','Brisbin',2),(233,154697,'Kirk','Ward',2),(234,37831,'Marlena','Smalls',1),(235,37830,'Kitty K.','Green',1),(236,975108,'Mark','Matheisen',2),(237,129725,'Al','Harrington',2),(238,37824,'Jed','Gillin',2),(239,1346510,'Don','Fischer',2),(240,1088274,'Matt','Wallace',2),(241,114326,'Mike','Jolly',2),(242,170051,'Michael','Kemmerling',2),(243,95140,'John','Voldstad',2),(244,1446990,'Daniel J.','Gillooly',2),(245,1401994,'Michael','Burgess',2),(246,1235787,'Steven','Griffith',2),(247,163441,'Michael','McFall',2),(248,92658,'Byron','Minns',2),(249,81692,'Stephen','Bridgewater',2),(250,37827,'John William','Galt',2),(251,1313819,'Isabel','Rose',1),(252,1409948,'Richard','D\'Alessandro',2),(253,46921,'Michael','Jace',2),(254,148122,'Geoffrey','Blake',2),(255,406976,'Vanessa','Roth',1),(256,10565,'Dick','Cavett',2),(257,1405338,'Tiffany','Salerno',1),(258,86434,'Joe','Alaskey',2),(259,1465241,'Lazarus','Jackson',2),(260,37828,'Nora','Dunfee',1),(261,1327149,'Hallie','D\'Amore',1),(262,37829,'Michael','Mattison',2),(263,176329,'Charles','Boswell',2),(264,169643,'Timothy','McNeil',2),(265,196855,'Bob','Penny',2),(266,98873,'Greg','Brown',2),(267,13204,'Troy','Christian',2),(268,84901,'Bryan','Hanna',2),(269,1392671,'Zach','Hanner',2),(270,1273540,'Aaron Michael','Lacey',2),(271,42961,'Jacqueline','Lovell',1),(272,1150593,'Brendan','Shanahan',2),(273,567126,'William','Shipman',2),(274,173277,'Robb','Skyler',2),(275,23967,'Mary Ellen','Trainor',1),(276,8944,'Jamie Lee','Curtis',1),(277,13445,'Tia','Carrere',1),(278,10672,'Art','Malik',2),(279,13446,'Eliza','Dushku',1),(280,10017,'Charlton','Heston',2),(281,116907,'Marshall','Manesh',2),(282,137780,'Maudie','Johnson',1),(283,137781,'Max','Johnson',2),(284,18023,'Robert','Carlyle',2),(285,137783,'Irvine','Allen',2),(286,967,'Iain','Andrews',2),(287,20522,'Robert','Cavanah',2),(288,2220,'Tony','Curran',2),(289,1229174,'Eoin','McCarthy',2),(290,1241,'John','Turturro',2),(291,2440,'Bill','Nighy',2),(292,3061,'Ewan','McGregor',2),(293,1586423,'Luke','Hardy',2),(294,192940,'Kelly','Hunter',1),(295,1357760,'Zoot','Lynman',2),(296,1542935,'Jim','Hooper',2),(297,3916,'Finlay','Welsh',2),(298,8537,'Jonathan','Hyde',2),(299,25136,'Ken','Stott',2),(300,7132,'Vincent','D\'Onofrio',2),(301,27391,'Anna','Galiena',1),(302,1233183,'Laurance','Rudic',2),(303,134141,'Robin','Hooper',2),(304,1233174,'Sam','Guttman',2),(305,71084,'Paul','Higgins',2),(306,175154,'Michael','Nardone',2),(307,1524853,'David','McGowan',2),(308,16358,'Simon','McBurney',2),(309,18616,'David','Morrissey',2),(310,17290,'Andrew','Tiernan',2),(311,1210,'Hctor','Elizondo',2),(312,20425,'Donald','Sumpter',2),(313,3905,'William H.','Macy',2),(314,8945,'Kevin','Kline',2),(315,10205,'Sigourney','Weaver',1),(316,14721,'Kevin','Dunn',2),(317,10182,'Ving','Rhames',2),(318,2282,'Ben','Kingsley',2),(319,28164,'Charles','Grodin',2),(320,41505,'Faith','Prince',1),(321,350,'Laura','Linney',1),(322,5149,'Bonnie','Hunt',1),(323,86369,'Parley','Baer',2),(324,63279,'Anna','Deavere Smith',1),(325,15414,'Charles','Hallahan',2),(326,171554,'Alba','Oms',1),(327,152864,'Steve','Witting',2),(328,1171063,'Kellen','Sampson',2),(329,9783,'Lexie','Bigham',1),(330,1171064,'Frederic W.','Barnes',2),(331,1171065,'Ronald','Brownstein',2),(332,1004223,'Eleanor','Clift',1),(333,1171066,'Chris','Dodd',2),(334,549605,'Tom','Harkin',2),(335,1171067,'Bernard','Kalb',2),(336,44127,'Larry','King',2),(337,193658,'Michael','Kinsley',2),(338,1171068,'Morton','Kondracke',2),(339,14991,'Jay','Leno',2),(340,1171069,'Frank','Mankiewicz',2),(341,60092,'Chris','Matthews',2),(342,559766,'John','McLaughlin',2),(343,1171075,'Howard','Metzenbaum',2),(344,1171076,'Abner','Mikva',2),(345,1171077,'Robert','Novak',2),(346,1171078,'Thomas','O\'Neill',2),(347,585482,'Richard','Reeves',2),(348,1171079,'Paul','Simon',2),(349,214633,'Alan','Simpson',2),(350,131667,'Ben','Stein',2),(351,1152,'Oliver','Stone',2),(352,180614,'Kathleen','Sullivan',1),(353,1171080,'Jeff','Tackett',2),(354,588216,'Helen','Thomas',1),(355,219782,'Nina','Totenberg',1),(356,936089,'Sander','Vanocur',2),(357,17401,'Stephen','Root',2),(358,154826,'Catherine','Reitman',1),(359,196498,'Dawn','Arnemann',1),(360,217494,'Marianna','Harris',1),(361,124010,'Sarah','Marshall',1),(362,151606,'Ralph','Manza',2),(363,2701,'George','Martin',2),(364,162940,'Laurie','Franks',1),(365,14706,'Tom','Kurlander',2),(366,81462,'Dendrie','Taylor',1),(367,1171092,'Joe','Kuroda',2),(368,31152,'Genevieve','Robert',1),(369,52443,'Jason','Reitman',2),(370,1171093,'Ruth','Goldway',1),(371,104060,'Frank','Birney',2),(372,143574,'Paul','Collins',2),(373,161908,'Peter','White',2),(374,70440,'Robin','Gammell',2),(375,935737,'Heather','Hewitt',1),(376,23964,'Gary','Ross',2),(377,79989,'Jeffrey','Joseph',2),(378,32479,'Bonnie','Bartlett',1),(379,1171094,'Robert','Walsh',2),(380,1171095,'William','Pitts',2),(381,76470,'Dan','Butler',2),(382,170138,'Wendy','Gordon',1),(383,158103,'Ben Patrick','Johnson',2),(384,77067,'Steve','Kmetko',2),(385,1164,'F. Murray','Abraham',2),(386,40176,'Art','Carney',2),(387,4391,'Charles','Dance',2),(388,1735,'Frank','McRae',2),(389,119232,'Tom','Noonan',2),(390,5401,'Anthony','Quinn',2),(391,2167,'Mercedes','Ruehl',1),(392,58119,'Austin','O\'Brien',2),(393,10360,'Robert','Prosky',2),(394,1327,'Ian','McKellen',2),(395,23709,'Joan','Plowright',1),(396,44051,'Leeza','Gibbons',1),(397,1459,'Tina','Turner',1),(398,11315,'Noah','Emmerich',2),(399,13023,'Colleen','Camp',1),(400,15111,'Jean-Claude','Van Damme',2),(401,20751,'Bridgette','Wilson',1),(402,3172,'Michael','Gazzo',2),(403,54812,'Chevy','Chase',2),(404,26485,'Jim','Belushi',2),(405,517,'Pierce','Brosnan',2),(406,7420,'Harvey','Fierstein',2),(407,11715,'Polly','Holliday',1),(408,8987,'Lisa','Jakub',1),(409,11716,'Matthew','Lawrence',2),(410,11717,'Mara','Wilson',1),(411,11718,'Anne','Haney',1),(412,11719,'Scott','Capurro',2),(413,27447,'Sydney','Walker',2),(414,80742,'Martin','Mull',2),(415,162323,'Terence','McGovern',2),(416,1006368,'Karen','Kahn',1),(417,1077864,'Eva','Gholson',1),(418,167122,'James','Cunningham',2),(419,197036,'Ralph','Peduto',2),(420,3044,'Scott','Beach',2),(421,178148,'Juliette','Marshall',1),(422,156192,'Drew','Letchworth',2),(423,153546,'Jessica','Myerson',1),(424,1077865,'Sharon','Lockwood',1),(425,1077866,'Jim','Cullen',2),(426,548090,'Joe','Bellan',2),(427,5292,'Denzel','Washington',2),(428,4765,'Jason','Robards',2),(429,3131,'Antonio','Banderas',2),(430,32592,'Ron','Vawter',2),(431,25626,'Robert','Ridgely',2),(432,16119,'Charles','Napier',2),(433,52057,'Obba','Babatundi',2),(434,552526,'Andre','Blake',2),(435,552527,'Robert','Castle',2),(436,91428,'Daniel','Chapman',2),(437,43366,'Ann','Dowd',1),(438,1176208,'David','Drake',2),(439,568363,'Karen','Finley',1),(440,568366,'Charles','Glenn',2),(441,1318898,'Peter','Jacobs',2),(442,138988,'Paul','Lazar',2),(443,60118,'John','Bedford Lloyd',2),(444,10362,'Roberta','Maxwell',1),(445,1066975,'Warren','Miller',2),(446,127738,'Harry','Northup',2),(447,1318899,'Dan','Olmstead',2),(448,1318900,'Joey','Perillo',2),(449,1281000,'Lauren','Roselli',1),(450,568367,'Lisa','Talerico',1),(451,1473,'Daniel','von Bargen',2),(452,3801,'Tracey','Walter',2),(453,11367,'Bradley','Whitford',2),(454,171075,'Chandra','Wilson',1),(455,79906,'Kathryn','Witt',1),(456,109410,'Joanne','Woodward',1),(457,59329,'Buzz','Kilman',2),(458,568364,'Mark','Sorensen Jr.',2),(459,568365,'Jeffrey','Williamson',2),(460,58539,'Stephanie','Roth Haberle',1),(461,1397318,'Bill','Rowe',2),(462,20569,'Ford','Wheeler',2),(463,196537,'Julius','Erving',2),(464,61607,'Adam','LeFevre',2),(465,27098,'Gary','Goetzman',2),(466,16298,'Kenneth','Utt',2),(467,127069,'Charles','Techman',2),(468,1280989,'Jim','Roche',2),(469,1178317,'Tony','Fitzpatrick',2),(470,152638,'Gene','Borkan',2),(471,1352800,'Q.','Lazzarus',2),(472,1382436,'Lucas','Platt',2),(473,1131774,'Jose','Castillo',2),(474,112167,'Roy','Blount Jr.',2),(475,1280972,'Bob','Bowersox',2),(476,57459,'Quentin','Crisp',2),(477,1298410,'Tom','Detrik',2),(478,207297,'Tony','Devon',2),(479,16300,'Tak','Fujimoto',2),(480,1216756,'Jaime','Gomez',2),(481,35352,'Ana','Leza',1),(482,5344,'Meg','Ryan',1),(483,8984,'Bill','Pullman',2),(484,12928,'Ross','Malinger',2),(485,12929,'Rosie','O\'Donnell',1),(486,12930,'Gaby','Hoffmann',1),(487,8536,'Victor','Garber',2),(488,12931,'Rita','Wilson',1),(489,12932,'Barbara','Garrick',1),(490,3026,'Rob','Reiner',2),(491,10679,'Carey','Lowell',1),(492,11076,'David','Hyde Pierce',2),(493,13314,'Dana','Ivey',1),(494,60018,'Tom','Riis Farrell',2),(495,557850,'Le','Clanche du Rand',2),(496,77022,'Kevin','O\'Morrison',2),(497,1648581,'Valerie','Wright',1),(498,4432,'Frances','Conroy',1),(499,75201,'Tom','Tammi',2),(500,1260945,'Calvin','Trillin',2),(501,1910,'Caroline','Aaron',1),(502,1212453,'Linda','Wallem',1),(503,1792779,'Victor','Morris',2),(504,10437,'Lily','Tomlin',1),(505,3150,'Tony','Curtis',2),(506,4038,'Susan','Sarandon',1),(507,11626,'Gore','Vidal',2),(508,2395,'Whoopi','Goldberg',1),(509,84878,'Antonio','Fargas',2),(510,4090,'Shirley','MacLaine',1),(511,19304,'John','Schlesinger',2),(512,59208,'Armistead','Maupin',2),(513,17665,'Arthur','Laurents',2),(514,12497,'Farley','Granger',2),(515,64825,'Harry','Hamlin',2),(516,1429026,'Susie','Bright',1),(517,163630,'Mart','Crowley',2),(518,6928,'Jay','Presson Allen',2),(519,1340689,'Richard','Dyer',2),(520,1488984,'Jan','Oxenberg',2),(521,32588,'Paul','Rudnick',2),(522,47412,'Barry','Sandler',2),(523,59330,'Ron','Nyswaner',2),(524,14942,'Daniel','Melnick',2),(525,2768,'Stewart','Stern',2),(526,15827,'Scott','Weinger',2),(527,15829,'Linda','Larkin',1),(528,15830,'Jonathan','Freeman',2),(529,15831,'Frank','Welker',2),(530,15832,'Gilbert','Gottfried',2),(531,15833,'Douglas','Seale',2),(532,81178,'Charlie','Adler',2),(533,35219,'Corey','Burton',2),(534,12077,'Jim','Cummings',2),(535,19545,'Jack','Angel',2),(536,613123,'Philip L.','Clarke',2),(537,81843,'Jennifer','Darling',1),(538,51517,'Jerry','Houser',2),(539,214701,'Sherry','Lynn',1),(540,84493,'Mickie','McGowan',2),(541,61968,'Patrick','Pinney',2),(542,61969,'Phil','Proctor',2),(543,73016,'Debi','Derryberry',1),(544,156565,'Vera','Lockwood',1),(545,15834,'Bruce','Adler',2),(546,228428,'Brad','Kane',2),(547,15838,'Lea','Salonga',1),(548,25627,'Hal','Smith',2),(549,2713,'Linda','Hamilton',1),(550,418,'Robert','Patrick',2),(551,820,'Edward','Furlong',2),(552,75027,'Michael','Edwards',2),(553,3977,'Joe','Morton',2),(554,2716,'Earl','Boen',2),(555,3981,'Jenette','Goldstein',1),(556,3978,'S. Epatha','Merkerson',1),(557,3979,'Castulo','Guerra',2),(558,3980,'Danny','Cooksey',2),(559,20761,'Sven-Ole','Thorsen',2),(560,8856,'DeVaughn','Nixon',2),(561,101660,'Ken','Gibbel',2),(562,87404,'Robert','Winley',2),(563,157633,'Pete','Schrum',2),(564,27530,'Don','Lake',2),(565,99778,'Richard','Vidan',2),(566,9568,'Jim','Palmer',2),(567,16184,'Don','Stanton',2),(568,16185,'Dan','Stanton',2),(569,56459,'Colin Patrick','Lynch',2),(570,87317,'Nikki','Cox',1),(571,107362,'Tony','Simotes',2),(572,193048,'Abdul Salaam','El Razzac',2),(573,84710,'Mike','Muscat',2),(574,14329,'Dean','Norris',2),(575,16563,'Charles A.','Tamburro',2),(576,132054,'Terrence','Evans',2),(577,159264,'Denney','Pierce',2),(578,33501,'Mark Christopher','Lawrence',2),(579,30148,'Van','Ling',2),(580,1583678,'Gerard G.','Williams',2),(581,1448219,'Martin','DeLuca',2),(582,31561,'Scott','Shaw',2),(583,13458,'Joel','Kramer',2),(584,1562995,'Richard','Ruskin',2),(585,1236011,'Randy','Walker',2),(586,2711,'William','Wisher Jr.',2),(587,42168,'Nancy','Fish',1),(588,1881258,'Dalton','Hamilton',2),(589,2882,'Diane','Lane',1),(590,50464,'Brian','Kerwin',2),(591,16866,'Jennifer','Lopez',1),(592,51962,'Bill','Cosby',2),(593,53122,'Fran','Drescher',1),(594,53123,'Adam','Zolotin',2),(595,28035,'Irwin','Corey',2),(596,59017,'Jurnee','Smollett',1),(597,1509841,'Ashlee','Lauren',1),(598,3085,'James','Caan',2),(599,27011,'Vanessa','Williams',1),(600,5563,'James','Coburn',2),(601,7866,'Robert','Pastorelli',2),(602,2505,'James','Cromwell',2),(603,8540,'Danny','Nucci',2),(604,18461,'Nick','Chinlund',2),(605,20582,'Michael','Papajohn',2),(606,60023,'Joe','Viterelli',2),(607,6576,'Mark','Rolston',2),(608,21134,'John','Slattery',2),(609,20625,'Robert','Miranda',2),(610,21366,'Roma','Maffia',1),(611,4766,'Melora','Walters',1),(612,53573,'Olek','Krupa',2),(613,33658,'Skipp','Sudduth',2),(614,32289,'Andy','Romano',2),(615,382,'Bob','Hoskins',2),(616,4687,'Patricia','Arquette',1),(617,388,'Jim','Broadbent',2),(618,3894,'Christian','Bale',2),(619,16927,'Gerard','Depardieu',2),(620,1926,'Eddie','Izzard',2),(621,386,'Peter','Vaughan',2),(622,16857,'Tom Everett','Scott',2),(623,51670,'Johnathon','Schaech',2),(624,18324,'Steve','Zahn',2),(625,58019,'Ethan','Embry',2),(626,882,'Liv','Tyler',1),(627,6885,'Charlize','Theron',1),(628,8854,'Bill','Cobbs',2),(629,1771,'Giovanni','Ribisi',2),(630,20752,'Alex','Rocco',2),(631,6591,'Chris','Isaak',2),(632,1578,'Holmes','Osborne',2),(633,42363,'Peter','Scolari',2),(634,7166,'Kevin','Pollak',2),(635,74933,'Robert','Torti',2),(636,67805,'Claudia','Stedelin',1),(637,166935,'Dawn','Maxey',1),(638,16294,'Jonathan','Demme',2),(639,116805,'Paul','Feig',2),(640,17419,'Bryan','Cranston',2),(641,3492,'Colin','Hanks',2),(642,93055,'Sarah','Koskoff',1),(643,6194,'Claire','Danes',1),(644,6195,'Harold','Perrineau',2),(645,4935,'Pete','Postlethwaite',2),(646,7004,'Paul','Sorvino',2),(647,6197,'Brian','Dennehy',2),(648,6198,'Vondie','Curtis-Hall',2),(649,6199,'Miriam','Margolyes',1),(650,6200,'Diane','Venora',1),(651,6213,'Jamie','Kennedy',2),(652,6066,'Dash','Mihok',2),(653,1983,'Vincent','Laresca',2),(654,6214,'Edwina','Moore',1),(655,22226,'Paul','Rudd',2),(656,655,'John','Rhys-Davies',2),(657,725,'Jerry','Orbach',2),(658,61674,'Val','Bettin',2),(659,30485,'CCH','Pounder',1),(660,1161,'Mary Elizabeth','Mastrantonio',1),(661,2712,'Michael','Biehn',2),(662,30151,'Leo','Burmester',2),(663,18342,'Todd','Graff',2),(664,1984,'Kimberly','Scott',1),(665,1534,'Chris','Elliott',2),(666,21757,'J.C.','Quinn',2),(667,948563,'Captain Kidd','Brewer Jr.',2),(668,951985,'George Robert','Klek',2),(669,551894,'Christopher','Murphy',2),(670,4732,'Adam','Nelson',2),(671,14663,'Dick','Warlock',2),(672,15442,'Jimmie Ray','Weeks',2),(673,97944,'J. Kenneth','Campbell',2),(674,156819,'Peter','Ratray',2),(675,87118,'Michael','Beach',2),(676,38570,'Ken','Jenkins',2),(677,1044,'Michael','Chapman',2),(678,1736,'James','Remar',2),(679,781,'Paul','Reiser',2),(680,10206,'Carrie','Henn',1),(681,10207,'William','Hope',2),(682,10208,'Al','Matthews',2),(683,10212,'Ricco','Ross',2),(684,10209,'Colette','Hiller',1),(685,10210,'Daniel','Kash',2),(686,10211,'Cynthia','Dale Scott',1),(687,10213,'Tip','Tipping',2),(688,1340211,'Trevor','Steedman',2),(689,748,'Paul','Maxwell',2),(690,1817689,'Carl','Toop',2),(691,1653085,'Valerie','Colgan',1),(692,84890,'Alan','Polonsky',2),(693,1230759,'Alibe','Parsons',1),(694,1179692,'Blain','Fairman',2),(695,96991,'Barbara','Coles',1),(696,1077325,'Eddie','Powell',2),(697,141014,'Jay','Benedict',2),(698,1818,'Paul','Winfield',2),(699,2715,'Bess','Motta',1),(700,2717,'Rick','Rossovich',2),(701,2719,'Brian','Thompson',2),(702,35710,'Franco','Columbu',2),(703,102441,'Dick','Miller',2),(704,1378212,'Joe','Farago',2),(705,65001,'Shawn','Schepps',1),(706,1258399,'Bruce M.','Kerner',2),(707,100626,'Brad','Rearden',2),(708,1378202,'Ken','Fritz',2),(709,103219,'Hettie Lynee','Hurtes',1),(710,54814,'Philip','Gordon',2),(711,156085,'Stan','Yale',2),(712,1377933,'Leslie','Morris',1),(713,1411308,'Hugh','Farrington',2),(714,54941,'Harriet','Medin',1),(715,192063,'James','Ralston',2),(716,1378207,'Wayne','Stone',2),(717,1391620,'John E.','Bristol',2),(718,1159421,'Greg','Robbins',2),(719,543,'Marianne','Muellerleile',1),(720,1456721,'Marian','Green',1),(721,1571206,'J. Randolph','Harrison',2),(722,1387846,'Darrell','Mapson',2),(723,569,'Ethan','Hawke',2),(724,2692,'Robert Sean','Leonard',2),(725,2693,'Gale','Hansen',2),(726,2694,'Josh','Charles',2),(727,2695,'Dylan','Kussman',2),(728,2696,'Allelon','Ruggiero',2),(729,2697,'James','Waterston',2),(730,2698,'Norman','Lloyd',2),(731,2115,'Kurtwood','Smith',2),(732,2699,'Carla','Belver',1),(733,2700,'Leon','Pownall',2),(734,131183,'Alexandra','Powers',1),(735,6684,'Lara','Flynn Boyle',1),(736,14104,'Phil','Hartman',2),(737,57119,'Sinbad','',2),(738,33196,'Jake','Lloyd',2),(739,35159,'Laraine','Newman',1),(740,981033,'E.J.','De la Pena',2),(741,129317,'Robert','Conrad',2),(742,1410997,'Justin','Chapman',2),(743,13640,'Harvey','Korman',2),(744,13591,'Richard','Moll',2),(745,188377,'Daniel','Riordan',2),(746,51382,'Chris','Parnell',2),(747,31471,'Patrick','Richwood',2),(748,54348,'Kate','McGregor-Stewart',1),(749,13645,'Danny','Woodburn',2),(750,151042,'Paul','Wight',2),(751,87003,'Curtis','Armstrong',2),(752,3092,'Diane','Keaton',1),(753,5064,'Meryl','Streep',1),(754,380,'Robert','De Niro',2),(755,7668,'Hume','Cronyn',2),(756,54122,'Gwen','Verdon',1),(757,69301,'Hal','Scardino',2),(758,6486,'Dan','Hedaya',2),(759,452,'Margo','Martindale',1),(760,38024,'Cynthia','Nixon',1),(761,76096,'Kelly','Ripa',1),(762,160332,'John','Callahan',2),(763,1217553,'Joe','Lisi',2),(764,138240,'Bitty','Schram',1),(765,1232502,'Lizbeth','MacKay',1),(766,53937,'Olga','Merediz',1),(767,93703,'Steve','DuMouchel',2),(768,160261,'Helen','Stenborg',1),(769,11181,'Kenneth','Branagh',2),(770,937,'Derek','Jacobi',2),(771,1666,'Julie','Christie',1),(772,29859,'Richard','Briers',2),(773,204,'Kate','Winslet',1),(774,32357,'Nicholas','Farrell',2),(775,17483,'Michael','Maloney',2),(776,17328,'Rufus','Sewell',2),(777,9191,'Timothy','Spall',2),(778,81598,'Reece','Dinsdale',2),(779,3151,'Jack','Lemmon',2),(780,43138,'Ian','McElhinney',2),(781,56650,'Ray','Fearon',2),(782,8318,'Brian','Blessed',2),(783,7904,'Billy','Crystal',2),(784,57461,'Simon','Russell Beale',2),(785,49813,'Don','Warrington',2),(786,41742,'Ravil','Isyanov',2),(787,18998,'Rosemary','Harris',1),(788,4786,'Richard','Attenborough',2),(789,11857,'John','Gielgud',2),(790,5309,'Judi','Dench',1),(791,11859,'John','Mills',2),(792,202520,'Ken','Dodd',2),(793,90546,'Andrew','Schofield',2),(794,207549,'Perdita','Weeks',1),(795,15886,'Julia','Louis-Dreyfus',1),(796,2630,'Nastassja','Kinski',1),(797,12790,'Charlie','Hofheimer',2),(798,21089,'Bruce','Greenwood',2),(799,83362,'Dennis','Burkley',2),(800,1215878,'Haylie','Johnson',1),(801,7867,'Charles','Rocket',2),(802,38160,'Patti','D\'Arbanville',1),(803,15440,'Jared','Harris',2),(804,35753,'Mark','McGrath',2),(805,122807,'Dana','Gould',2),(806,82988,'Meagen','Fay',1),(807,2461,'Mel','Gibson',2),(808,1461,'George','Clooney',2),(809,5577,'Chris','O\'Donnell',2),(810,139,'Uma','Thurman',1),(811,5588,'Alicia','Silverstone',1),(812,3796,'Michael','Gough',2),(813,5590,'Elle','Macpherson',1),(814,5589,'John','Glover',2),(815,2535,'Vivica A.','Fox',1),(816,66813,'Robert','Swenson',2),(817,35549,'Coolio','',2),(818,1104,'Jesse','Ventura',2),(819,942,'Ralf','Moeller',2),(820,15152,'James Earl','Jones',2),(821,2201,'Max','von Sydow',2),(822,45378,'Sandahl','Bergman',1),(823,98473,'Cassandra','Gava',1),(824,100563,'Ben','Davidson',2),(825,4330,'Gerry','Lopez',2),(826,10134,'Mako','',2),(827,100564,'Valerie','Quennessen',1),(828,98102,'William','Smith',2),(829,30963,'Luis','Barboo',2),(830,100565,'Nadiuska','',1),(831,8927,'Jack','Taylor',2),(832,100566,'Pilar','Alcan',1),(833,145414,'Jorge','Sanz',2),(834,1243,'Woody','Allen',2),(835,1796,'Kirstie','Alley',1),(836,351,'Judy','Davis',1),(837,10866,'Eric','Bogosian',2),(838,27563,'Amy','Irving',1),(839,10447,'Mariel','Hemingway',1),(840,1951,'Elisabeth','Shue',1),(841,24318,'Richard','Benjamin',2),(842,12438,'Bob','Balaban',2),(843,2219,'Tobey','Maguire',2),(844,27564,'Eric','Lloyd',2),(845,8792,'Lynn','Cohen',1),(846,199,'Julie','Kavner',1),(847,3416,'Demi','Moore',1),(848,2283,'Stanley','Tucci',2),(849,9278,'Jennifer','Garner',1),(850,13242,'Paul','Giamatti',2),(851,1892,'Matt','Damon',2),(852,880,'Ben','Affleck',2),(853,1640,'Stellan','Skarsgard',2),(854,6613,'Minnie','Driver',1),(855,1893,'Casey','Affleck',2),(856,6614,'Cole','Hauser',2),(857,6615,'John','Mighton',2),(858,6616,'Rachel','Majorowski',1),(859,6617,'Colleen','McCauley',1),(860,6618,'Matt','Mercier',2),(861,6619,'Ralph','St. George',2),(862,6620,'Rob','Lynds',2),(863,6621,'Dan','Washington',2),(864,2841,'Alison','Folland',1),(865,6622,'Derrick','Bridgeman',2),(866,6623,'Vik','Sahay',2),(867,1281440,'Shannon','Egleson',1),(868,1281441,'Rob','Lyons',2),(869,163438,'Steven','Kozlowski',2),(870,1281442,'Jennifer','Deathe',1),(871,144578,'Scott','Winters',2),(872,134076,'Philip','Williams',2),(873,1281443,'Patrick','O\'Donnell',2),(874,1237062,'Kevin','Rushton',2),(875,1281445,'Jimmy','Flynn',2),(876,1281447,'Joe','Cannon',2),(877,1281448,'Ann','Matacunas',1),(878,95741,'George','Plimpton',2),(879,937042,'Francesco','Clemente',2),(880,1281449,'Jessica','Morton',1),(881,1242878,'Barna','Moricz',2),(882,1281450,'Libby','Geller',1),(883,101803,'Chas','Lawther',2),(884,44103,'Richard','Fitzpatrick',2),(885,1239394,'Frank','Nakashima',2),(886,37981,'Christopher','Britton',2),(887,1190319,'David','Eisner',2),(888,1228841,'Bruce','Hunter',2),(889,1281451,'Robert','Talvano',2),(890,4572,'James','Allodi',2),(891,1647723,'Michael','Arthur',2),(892,1444763,'Riva','Di Paola',1),(893,1483455,'Daniel','Olsen',2),(894,943742,'Christian','Harmony',2),(895,51918,'Harmony','Korine',1),(896,1003974,'Thomas','Lundy',2),(897,1507846,'Paul','McGillicuddy',2),(898,1397188,'Stephen','Trouskie',2),(899,1693507,'Elisabeth','Hughes',1),(900,3713,'Frances','Fisher',1),(901,1954,'Billy','Zane',2),(902,8534,'Kathy','Bates',1),(903,8535,'Gloria','Stuart',1),(904,1369,'Bernard','Hill',2),(905,2076,'David','Warner',2),(906,2179,'Suzy','Amis',1),(907,8538,'Lewis','Abernathy',2),(908,8539,'Nicholas','Cascone',2),(909,8541,'Jason','Barry',2),(910,8543,'Lew','Palter',2),(911,8544,'Eric','Braeden',2),(912,8545,'Bernard','Fox',2),(913,3071,'Ewan','Stewart',2),(914,65524,'Ioan','Gruffudd',2),(915,8547,'Jonny','Phillips',2),(916,8548,'Edward','Fletcher',2),(917,8549,'Scott','Anderson',2),(918,8550,'Martin','East',2),(919,8551,'Gregory','Cooke',2),(920,8552,'Alexandrea','Owens',1),(921,8553,'Seth','Adkins',2),(922,1080265,'Michael','Ensign',2),(923,93215,'Anatoly','Sagalevitch',2),(924,1054325,'Martin','Hub',2),(925,41266,'Mark','Lindsay Chapman',2),(926,26863,'Richard','Graham',2),(927,1256066,'Paul','Brightwell',2),(928,63141,'Ron','Donachie',2),(929,55957,'Charlotte','Chatton',1),(930,1697673,'Fannie','Brett',1),(931,230727,'Camilla','Roos',1),(932,1741441,'Linda','Kerns',1),(933,1741443,'Amy','Gaipa',1),(934,126363,'Martin','Jarvis',2),(935,29796,'Rosalind','Ayres',1),(936,1359176,'Rochelle','Rose',1),(937,1741450,'Jonathan','Evans-Jones',2),(938,1597443,'Brian','Walsh',2),(939,40740,'Rocky','Taylor',2),(940,1451680,'Craig','Kelly',2),(941,1741459,'Liam','Tuohy',2),(942,142325,'Simon','Crane',2),(943,178557,'James','Lancaster',2),(944,172280,'Elsa','Raven',1),(945,1741663,'Reece','Thompson III',1),(946,1741664,'Laramie','Landis',2),(947,1227544,'Mark Rafael','Truitt',2),(948,131833,'John','Walcutt',2),(949,1106167,'Terry','Forrestal',2),(950,97436,'Derek','Lea',2),(951,1741665,'Richard','Ashton',2),(952,1398372,'Sean','Nepita',2),(953,1741666,'Brendan','Connolly',2),(954,40695,'David','Cronnelly',2),(955,158662,'Garth','Wilton',2),(956,1741667,'Richard','Fox',2),(957,1228858,'Nick','Meaney',2),(958,1741669,'Kevin','Owers',2),(959,1520024,'Mark','Capri',2),(960,592618,'Marc','Cass',2),(961,1237642,'Paul','Herbert',2),(962,1693876,'Emmett','James',2),(963,930944,'Chris','Byrne',2),(964,1330728,'Oliver','Page',2),(965,1338541,'James','Garrett',2),(966,157989,'Erik','Holland',2),(967,1741673,'Jari','Kinnunen',2),(968,1741675,'Anders','Falk',2),(969,72742,'Barry','Dennen',2),(970,1741678,'Vern','Urich',2),(971,944614,'Rebecca','Klingler',1),(972,42198,'Tricia','O\'Neil',1),(973,1402008,'Kathleen','Dunn',1),(974,1741688,'Romeo','Francis',2),(975,1741689,'Mandana','Marino',1),(976,1741690,'Bjorn','Olsen',2),(977,1741691,'Dan','Pettersson',2),(978,42290,'Shay','Duffin',2),(979,4031,'Greg','Ellis',2),(980,1233436,'Diana','Morgan',1),(981,1741692,'Kris','Andersson',2),(982,1741693,'Bobbie','Bates',1),(983,1741694,'Aaron James','Cash',2),(984,29214,'Anne','Fletcher',1),(985,1741697,'Edmond','Forsyth',2),(986,1367898,'Andie','Hicks',2),(987,1028668,'Scott','Hislop',2),(988,1741700,'Stan','Mazin',2),(989,1741701,'Lisa','Ratzin',1),(990,42286,'Julene','Renee',1),(991,1741707,'Brian','Baines',2),(992,1741709,'Ellie','Bensinger',1),(993,146182,'Alexandra','Boyd',1),(994,2134,'Mike','Butters',2),(995,2710,'James','Cameron',2),(996,1639429,'Bruno','Campolo',2),(997,1741717,'Chris','Cragnotti',2),(998,1741718,'Kevyn','Currie',2),(999,75804,'Kevin','De La Noy',2),(1000,1741719,'Thomas','Fiss',2),(1001,1741720,'Griffin','Howell',2),(1002,1741721,'Sean','Howse',2),(1003,1337466,'Tony','Kenny',2),(1004,1741722,'Bret','Knower',2),(1005,1741723,'George','Kosty III',2),(1006,1741724,'George','Kosty Jr.',2),(1007,1741725,'Geoffrey','Kosty',2),(1008,1741726,'Gregory','Kosty',2),(1009,2472,'Sean','Lawlor',2),(1010,1741727,'John','Leonhardt',2),(1011,1741728,'Miguel','Lomelin',2),(1012,1029818,'Don','Lynch',2),(1013,63423,'Johnny','Martin',2),(1014,1741729,'Ryan','McClurkin',2),(1015,1190237,'Meghan','McLeod',1),(1016,1730068,'Mike','O\'Neal',2),(1017,1741737,'Julian','Oros',2),(1018,1275173,'Phil','Parlapiano',2),(1019,1741739,'Judy','Prestininzi',1),(1020,93214,'Steven','Quale',2),(1021,11670,'Olivia','Rosewood',1),(1022,1741740,'John','Slade',2),(1023,1741741,'Stephen','Wolfe Smith',2),(1024,1741742,'R. Gern','Trowbridge',2),(1025,1741743,'Francisco','Valdez',2),(1026,1741744,'Lucie','Zolcerova',1),(1027,16940,'Jeremy','Irons',2),(1028,5168,'Gabriel','Byrne',2),(1029,6949,'John','Malkovich',2),(1030,57298,'Anne','Parillaud',1),(1031,73937,'Judith','Godriche',1),(1032,38331,'Edward','Atterton',2),(1033,133,'Peter','Sarsgaard',2),(1034,41419,'Hugh','Laurie',2),(1035,180906,'David','Lowe',2),(1036,553208,'Brigitte','Boucher',1),(1037,553209,'Matthew','Jocelyn',2),(1038,146490,'Karine','Belly',1),(1039,553210,'Emmanuel','Guttierez',2),(1040,45849,'Christian','Erickson',2),(1041,105355,'Francois','Montagut',2),(1042,553211,'Andrew','Wallace',2),(1043,553212,'Cecile','Auclert',2),(1044,553213,'Sonia','Backers',1),(1045,230078,'Vincent','Nemeth',2),(1046,12983,'Joe','Sheridan',2),(1047,133735,'Olivier','Himon',2),(1048,212390,'Michael','Morris',2),(1049,553214,'Emmanuel','Patron',2),(1050,10839,'Leonor','Varela',1),(1051,180969,'Michael','Hofland',2),(1052,42279,'Laura','Fraser',1),(1053,5183,'Brigitte','Auber',1),(1054,553215,'Jean-Pol','Brissart',2),(1055,19375,'Francois','Guillaume',2),(1056,12835,'Vin','Diesel',2),(1057,3197,'Tom','Sizemore',2),(1058,12834,'Barry','Pepper',2),(1059,4654,'Jeremy','Davies',2),(1060,1117,'Dennis','Farina',2),(1061,94864,'Max','Martini',2),(1062,12838,'Joerg','Stadler',2),(1063,3907,'Harve','Presnell',2),(1064,12833,'Edward','Burns',2),(1065,6163,'Adam','Goldberg',2),(1066,12836,'Ted','Danson',2),(1067,52476,'Dylan','Bruno',2),(1068,75071,'Daniel','Cerqueira',2),(1069,20471,'Demetri','Goritsas',2),(1070,59085,'Ian','Porter',2),(1071,218321,'Gary','Sefton',2),(1072,141358,'Julian','Spencer',2),(1073,99905,'Kathleen','Byron',1),(1074,51797,'Nathan','Fillion',2),(1075,1342659,'Steve','Griffin',2),(1076,183930,'William','Marsh',2),(1077,1648656,'Markus','Napier',2),(1078,1063140,'Neil','Finnighan',2),(1079,1230574,'Peter','Miles',2),(1080,1648657,'Paul','Garcia',2),(1081,1648658,'Seamus','McQuade',2),(1082,92811,'David','Wohl',2),(1083,234586,'Anna','Maguire',1),(1084,51931,'Harrison','Young',2),(1085,25753,'Leo','Stransky',2),(1086,6905,'Bruce','Dern',1),(1087,4,'Carrie','Fisher',1),(1088,1538,'Rick','Ducommun',2),(1089,3034,'Corey','Feldman',2),(1090,37600,'Wendy','Schaal',1),(1091,19439,'Henry','Gibson',2),(1092,16413,'Brother','Theodore',2),(1093,18708,'Courtney','Gains',2),(1094,83465,'Gale','Gordon',2),(1095,16180,'Robert','Picardo',2),(1096,71143,'Cory','Danziger',2),(1097,44796,'Franklyn','Ajaye',2),(1098,22250,'Rance','Howard',2),(1099,1526802,'Heather','Haase',1),(1100,18070,'Nicky','Katt',2),(1101,1173088,'Billy','Stevenson',2),(1102,192062,'Gary','Hays',2),(1103,34839,'Kevin','Gage',2),(1104,26978,'Dana','Olsen',2),(1105,1526803,'Brenda','Benner',1),(1106,54044,'Patrika','Darbo',1),(1107,63214,'Sonny Carl','Davis',2),(1108,10409,'Shelley','Duvall',1),(1109,4093,'Ray','Walston',2),(1110,15900,'Paul','Dooley',2),(1111,20163,'Richard','Libertini',2),(1112,15417,'Donald','Moffat',2),(1113,57350,'Donovan','Scott',2),(1114,58549,'Bill','Irwin',2),(1115,12516,'Linda','Hunt',1),(1116,166790,'Robert','Fortier',2),(1117,952996,'David','McCharen',2),(1118,39782,'Paul','Smith',2),(1119,81557,'MacIntyre','Dixon',2),(1120,951501,'Wesley Ivan','Hurt',2),(1121,30601,'Allan','Nicholls',2),(1122,27555,'Peter','Bray',2),(1123,1287957,'Sharon','Kinney',1),(1124,1037701,'Pietro','Torrisi',2),(1125,9808,'David','Arkin',2),(1126,589,'Daryl','Hannah',1),(1127,26510,'Eugene','Levy',2),(1128,7180,'John','Candy',2),(1129,8903,'Dody','Goodman',1),(1130,27514,'Shecky','Greene',2),(1131,27515,'Richard','Shull',2),(1132,27516,'Bobby','Cicco',2),(1133,27517,'Howard','Morris',2),(1134,27518,'Lowell','Ganz',2),(1135,27519,'Babaloo','Mandel',2),(1136,102199,'Tom','Toner',2),(1137,1560856,'Fred','Lerner',2),(1138,5658,'Michael','Gambon',2),(1139,5251,'Jack','Warden',2),(1140,5578,'Debi','Mazar',1),(1141,36424,'LL Cool J','',2),(1142,13295,'Donald','O\'Connor',2),(1143,13392,'Arthur','Malet',2),(1144,134,'Jamie','Foxx',2),(1145,21485,'Blake','Clark',2),(1146,9777,'Cuba','Gooding Jr',2),(1147,18750,'Annabella','Sciorra',1),(1148,91035,'Jessica','Brooks Grant',1),(1149,197545,'Josh','Paddock',2),(1150,74073,'Rosalind','Chao',1),(1151,5148,'Lucinda','Jenney',1),(1152,1233838,'Maggie','McCarthy',1),(1153,1576333,'Carin','Sprague',1),(1154,1576334,'Wilma','Bonet',1),(1155,76234,'Matt','Salinger',2),(1156,19979,'June','Carryl',1),(1157,6818,'Werner','Herzog',2),(1158,1075044,'Benjamin','Brock',2),(1159,1237748,'London','Freeman',1),(1160,1576335,'Phaedra','Neitzel',1),(1161,1576336,'Tom','O\'Reilly',2),(1162,3266,'Joe','Mantegna',2),(1163,1920,'Winona','Ryder',1),(1164,29369,'Melanie','Griffith',1),(1165,10696,'Famke','Janssen',1),(1166,10739,'Bebe','Neuwirth',1),(1167,556036,'Carmen','Dell\'Orefice',1),(1168,21385,'Tony','Sirico',2),(1169,28022,'Kenneth','Edelson',2),(1170,19,'Allison','Janney',1),(1171,32983,'Douglas','McGrath',2),(1172,5090,'Adrian','Grenier',2),(1173,6807,'Sam','Rockwell',2),(1174,4250,'Michael','Lerner',2),(1175,19152,'Dylan','Baker',2),(1176,18999,'J.K.','Simmons',2),(1177,2954,'Jeffrey','Wright',2),(1178,15370,'Gretchen','Mol',1),(1179,23959,'Debra','Messing',1),(1180,33663,'Donald','Trump',2),(1181,1989,'Celia','Weston',1),(1182,76131,'Karen','Duffy',1),(1183,18236,'Donna','Hanover',1),(1184,1200831,'Leslie','Shenkel',1),(1185,65829,'Wood','Harris',2),(1186,1701137,'Frank','Pellegrino',2),(1187,921,'Brigitte','Nielsen',1),(1188,58210,'Ernie','Reyes Jr.',2),(1189,653,'Ronald','Lacey',2),(1190,10942,'Pat','Roach',2),(1191,1229106,'Terry','Richards',2),(1192,55654,'Janet','Egren',1),(1193,120016,'Donna','Osterbuhr',1),(1194,141117,'Lara','Lamberti',1),(1195,22796,'Hans','Meyer',2),(1196,51840,'Francesca Romana','Coluzzi',1),(1197,25066,'Stefano','Mioni',2),(1198,1231662,'Tutte','Lemkow',2),(1199,1490390,'Kiyoshi','Yamasaki',2),(1200,70947,'Tad','Horino',2),(1201,56881,'Shelley','Long',1),(1202,7674,'Alexander','Godunov',2),(1203,21151,'Maureen','Stapleton',1),(1204,238615,'Leslie','West',1),(1205,6541,'Philip','Bosco',2),(1206,33489,'Josh','Mostel',2),(1207,159755,'Yakov','Smirnoff',2),(1208,133853,'Carmine','Caridi',2),(1209,118946,'Brian','Backer',2),(1210,1105814,'Billy','Lombardo',2),(1211,24554,'John','van Dreelen',2),(1212,124934,'Douglass','Watson',2),(1213,1105816,'Lucille','Dobrin',1),(1214,1218005,'Mia','Dillon',1),(1215,77054,'Tetchie','Agbayani',1),(1216,17859,'Wendell','Pierce',2),(1217,13936,'Frankie','Faison',2),(1218,14331,'Nestor','Serrano',2),(1219,2169,'Michael','Jeter',2),(1220,21199,'Jake','Steinfeld',2),(1221,14882,'Jackie','Gleason',2),(1222,2639,'Eva Marie','Saint',1),(1223,12852,'Barry','Corbin',2),(1224,6068,'Sela','Ward',1),(1225,29710,'Bess','Armstrong',1),(1226,198,'Dan','Castellaneta',2),(1227,15105,'Mike','Hagerty',2),(1228,92687,'Johnny','Yune',2),(1229,19403,'Conrad','Janis',2),(1230,57676,'Katie','Sagona',1),(1231,17141,'Greg','Kinnear',2),(1232,7489,'Parker','Posey',1),(1233,28933,'Jean','Stapleton',1),(1234,26716,'Heather','Burns',1),(1235,12850,'Dabney','Coleman',2),(1236,43894,'Hallee','Hirsh',1),(1237,4169,'Dave','Chappelle',2),(1238,18649,'John','Randolph',2),(1239,2617,'Cara','Seymour',1),(1240,44830,'Deborah','Rush',1),(1241,125055,'Sara','Ramirez',1),(1242,61659,'Chris','Messina',2),(1243,1233,'Philip Seymour','Hoffman',2),(1244,4029,'Bob','Gunton',2),(1245,9979,'Peter','Coyote',2),(1246,2140,'Monica','Potter',1),(1247,95604,'Daniel','London',2),(1248,14792,'Josef','Sommer',2),(1249,43853,'Irma','Hall',1),(1250,1070,'Frances Lee','McCain',1),(1251,198772,'Daniella','Kuhn',1),(1252,43544,'James','Greene',2),(1253,14833,'Harold','Gould',2),(1254,155861,'Bruce','Bohne',2),(1255,35518,'Harry','Groener',2),(1256,8689,'Barry','Shabaka Henley',2),(1257,176386,'Steven Anthony','Jones',2),(1258,26660,'Richard','Kiley',2),(1259,82585,'Douglas','Roberts',2),(1260,85171,'Ellen','Albertini Dow',1),(1261,21088,'Alan','Tudyk',2),(1262,43858,'Ryan','Hurst',2),(1263,1077966,'Peter','Siteri',2),(1264,194571,'Don','West',2),(1265,81918,'Greg','Sestero',2),(1266,1363928,'Jason Aaron','Baca',2),(1267,160375,'Ismael','Carlo',2),(1268,827,'Elliott','Gould',2),(1269,41732,'Nina','van Pallandt',1),(1270,3088,'Sterling','Hayden',2),(1271,21958,'Mark','Rydell',2),(1272,19440,'Warren','Berlinger',2),(1273,19442,'Jim','Bouton',2),(1274,19443,'Jo Ann','Brody',1),(1275,19444,'Jack','Knight',2),(1276,19445,'Pepe','Callahan',2),(1277,19446,'Vincent','Palmieri',2),(1278,19448,'Enrique','Lucero',2),(1279,19447,'Pancho','Cordova',2),(1280,141,'David','Carradine',2),(1281,73931,'Bette','Midler',1),(1282,119713,'Bruce','Vilanch',2),(1283,21462,'Raquel','Welch',1),(1284,170664,'Michael','Feinstein',2),(1285,75343,'Florence','Henderson',1),(1286,23880,'Steven','Seagal',2),(1287,3392,'Michael','Douglas',2),(1288,551884,'Danny','Harris',2),(1289,15899,'Jenifer','Lewis',1),(1290,46393,'Roseanne','Barr',1),(1291,14837,'Carol','Burnett',1),(1292,193910,'Jeff','Margolis',2),(1293,3136,'Salma','Hayek',1),(1294,551885,'Dora','Mendoza',1),(1295,551886,'Paul','Guerro',2),(1296,551887,'Henne','Vilanch',2),(1297,46944,'Michele','Lee',1),(1298,551888,'George','Schlatter',2),(1299,551889,'Stephen','Pouliot',2),(1300,551890,'Susan','Futterman',1),(1301,9251,'Marc','Shaiman',2),(1302,207475,'Michael','Smith',2),(1303,551891,'James','Loyce',2),(1304,551892,'Don','Scotti',2),(1305,13472,'Tim','Curry',2),(1306,10826,'Traci','Lords',1),(1307,551893,'Tom','Vergron',2),(1308,189761,'David','Copperfield',2),(1309,11152,'Margaret','Cho',1),(1310,821,'Beverly','D\'Angelo',1),(1311,46597,'Ali','MacGraw',1),(1312,7570,'Lauren','Bacall',1),(1313,26482,'Merry','Clayton',1),(1314,20,'Elizabeth','Perkins',1),(1315,1162,'Robert','Loggia',2),(1316,11512,'John','Heard',2),(1317,57422,'Jared','Rushton',2),(1318,62123,'David','Moscow',2),(1319,16165,'Jon','Lovitz',2),(1320,143205,'Josh','Clark',2),(1321,123728,'Allan','Wasserman',2),(1322,1073814,'Kimberlee','Davis',1),(1323,1073816,'Oliver','Block',2),(1324,80138,'Erika','Katz',1),(1325,166788,'Mark','Ballou',2),(1326,994134,'Gary Howard','Klar',2),(1327,10768,'Rachel','Ticotin',1),(1328,780,'Ronny','Cox',2),(1329,11086,'Michael','Ironside',2),(1330,3041,'Marshall','Bell',2),(1331,12888,'Roy','Brocksmith',2),(1332,12889,'Ray','Baker',2),(1333,44275,'Rosemary','Dunsmore',1),(1334,19753,'Debbie','Lee Carrington',1),(1335,14319,'Lycia','Naff',1),(1336,33492,'Robert','Costanzo',2),(1337,160474,'Marc','Alaimo',2),(1338,59221,'Michael','Gregory',2),(1339,100230,'Mickey','Jones',2),(1340,790,'Michael','Champion',2),(1341,12887,'Mel','Johnson Jr.',2),(1342,41253,'David','Knell',2),(1343,72443,'Alexia','Robinson',1),(1344,223809,'Everett','Alvarez',2),(1345,223810,'Ron','Bliss',2),(1346,223811,'Fred','Cherry',2),(1347,223812,'George','Day',2),(1348,223813,'Jeremiah','Denton',2),(1349,223814,'Jerry','Denton',2),(1350,223815,'Paul','Galanti',2),(1351,223817,'Douglas','Hegdahl',2),(1352,223818,'Sam','Johnson',2),(1353,223819,'Tom','Madison',2),(1354,223820,'John','McCain',2),(1355,223821,'John','McGrath',2),(1356,223822,'George','McKnight',2),(1357,223823,'Kevin','McManus',2),(1358,3282,'Sara','Gilbert',1),(1359,69597,'Drew','Barrymore',1),(1360,4139,'Tom','Skerritt',2),(1361,36169,'Cheryl','Ladd',1),(1362,17346,'Robin','Tunney',1),(1363,522,'Rod','Steiger',2),(1364,14325,'Derrick','O\'Connor',2),(1365,1646,'Udo','Kier',2),(1366,1173,'Mark','Margolis',2),(1367,1570367,'Jonny','Bogris',2),(1368,215304,'Victor','Varnado',2),(1369,53490,'Michael','O\'Hagan',2),(1370,7090,'Kelsey','Grammer',2),(1371,4201,'Wayne','Knight',2),(1372,61964,'Estelle','Harris',1),(1373,63978,'Jodi','Benson',1),(1374,123037,'Jonathan','Harris',2),(1375,7911,'Joe','Ranft',2),(1376,7,'Andrew','Stanton',2),(1377,7882,'Jeff','Pidgeon',2),(1378,7879,'John','Lasseter',2),(1379,8,'Lee','Unkrich',2),(1380,62,'Bruce','Willis',2),(1381,2109,'Kim','Cattrall',1),(1382,3712,'Saul','Rubinek',2),(1383,192,'Morgan','Freeman',2),(1384,79742,'John','Hancock',2),(1385,10224,'Clifton','James',2),(1386,168320,'Louis','Giambalvo',2),(1387,79732,'Barton','Heyman',2),(1388,166774,'Norman','Parker',2),(1389,7169,'Alan','King',2),(1390,45391,'Beth','Broderick',1),(1391,29685,'Kurt','Fuller',2),(1392,205,'Kirsten','Dunst',1),(1393,20187,'Camryn','Manheim',1),(1394,21620,'Susan','Forristal',1),(1395,61981,'Michael','Clarke Duncan',2),(1396,52,'David','Morse',2),(1397,1276,'Patricia','Clarkson',1),(1398,6804,'Graham','Greene',2),(1399,6806,'Doug','Hutchison',2),(1400,12645,'Jeffrey','DeMunn',2),(1401,5048,'Harry','Stanton',2),(1402,6805,'Dabbs','Greer',2),(1403,128201,'Eve','Brent',1),(1404,6573,'William','Sadler',2),(1405,139992,'Mack','Miles',2),(1406,1502939,'Rai','Tasco',2),(1407,47533,'Paula','Malcomson',1),(1408,6580,'Brian','Libby',2),(1409,15011,'Brent','Briscoe',2),(1410,16555,'Bill','McKinney',2),(1411,7473,'Rachel','Singer',1),(1412,20093,'Scotty','Leavenworth',2),(1413,156052,'Bill','Gratton',2),(1414,1371842,'Dee','Croxton',2),(1415,148116,'Gary','Imhoff',2),(1416,158782,'Van','Epperson',2),(1417,94561,'Phil','Hawn',2),(1418,74519,'Ted','Hollis',2),(1419,1273427,'Robert','Malone',2),(1420,16935,'Geena','Davis',1),(1421,3125,'Madonna','',1),(1422,15309,'Lori','Petty',1),(1423,11064,'David','Strathairn',2),(1424,1201,'Garry','Marshall',2),(1425,15863,'Don','Davis',2),(1426,138241,'Renee','Coleman',1),(1427,59260,'Ann','Cusack',1),(1428,8692,'Eddie','Jones',2),(1429,1077313,'Freddie','Simpson',2),(1430,25023,'Anne','Ramsay',1),(1431,1077314,'Robin','Knight',1),(1432,156025,'Patti','Pelton',1),(1433,163825,'Kelli','Simpkins',1),(1434,1077315,'Neezer','Tarleton',2),(1435,4939,'Tea','Leoni',1),(1436,78619,'David','Lander',2),(1437,9998,'Joey','Slotnick',2),(1438,44818,'Mark','Holton',2),(1439,19257,'Janet','Jones',1),(1440,19866,'Guillaume','Canet',2),(1441,3063,'Tilda','Swinton',1),(1442,19163,'Virginie','Ledoyen',1),(1443,19867,'Staffan','Kihlbom',2),(1444,19868,'Paterson','Joseph',2),(1445,19869,'Peter','Hills',2),(1446,19870,'Jerry','Swindall',2),(1447,19871,'Lars','Arentz-Hansen',2),(1448,2063,'Jukka','Hiltunen',2),(1449,19873,'Magnus','Lindgren',2),(1450,19874,'Daniel','York',2),(1451,19875,'Daniel','Caltagirone',2),(1452,19876,'Zelda','Tinska',1),(1453,1328285,'Sian','Martin',1),(1454,29712,'Tim','Thomerson',2),(1455,16183,'Gedde','Watanabe',2),(1456,157456,'Ernest','Harada',2),(1457,153619,'Allan','Arbus',2),(1458,72055,'Tawny','Kitaen',1),(1459,36039,'Adrian','Zmed',2),(1460,72056,'George','Grizzard',2),(1461,153692,'Barbara','Stuart',1),(1462,38086,'Robert','Prescott',2),(1463,15214,'William','Tepper',2),(1464,1068,'Wendie Jo','Sperber',1),(1465,1226328,'Barry','Diamond',2),(1466,86930,'Gary','Grossman',2),(1467,21259,'Michael','Dudikoff',2),(1468,95455,'Bradford','Bancroft',2),(1469,100600,'Deborah','Harmon',1),(1470,173136,'Tracy','Smith',1),(1471,174871,'Florence','Schauffler',1),(1472,1242423,'John','Bloom',2),(1473,148195,'Brett','Baxter Clark',2),(1474,937883,'Ji-Tu','Cumbuka',2),(1475,44995,'Monique','Gabrielle',1),(1476,100969,'Toni','Alessandrini',1),(1477,84870,'Rosanne','Katon',1),(1478,45463,'Angela','Aames',1),(1479,106802,'Rebecca','Perle',1),(1480,58808,'Anne','Gaybis',1),(1481,141418,'Billy','Beck',2),(1482,105358,'Michele','Starck',1),(1483,1101,'Carl','Weathers',2),(1484,1102,'Elpidia','Carrillo',1),(1485,1103,'Bill','Duke',2),(1486,1105,'Sonny','Landham',2),(1487,1106,'Richard','Chaves',2),(1488,1107,'R. G.','Armstrong',2),(1489,1108,'Shane','Black',2),(1490,1109,'Kevin Peter','Hall',2),(1491,96623,'Richard','Dawson',2),(1492,2051,'Maria Conchita','Alonso',1),(1493,5050,'Yaphet','Kotto',2),(1494,4774,'Jim','Brown',2),(1495,3013,'Erland','van Lidth',2),(1496,13003,'Marvin','McIntrye',2),(1497,13004,'Gus','Rethwisch',2),(1498,13006,'Professor','Tanaka',2),(1499,13007,'Mick','Fleetwood',2),(1500,120952,'Dweezil','Zappa',2),(1501,16852,'Karen Leigh','Hopkins',1),(1502,6939,'Edward','Bunker',2),(1503,4688,'Michael','Rapaport',2),(1504,3417,'Tony','Goldwyn',2),(1505,12132,'Michael','Rooker',2),(1506,41819,'Sarah','Wynter',1),(1507,3087,'Robert','Duvall',2),(1508,19957,'Wendy','Crewson',1),(1509,378849,'Taylor Anne','Reid',1),(1510,190944,'Alexandra','Castillo',1),(1511,33355,'Steve','Bacic',2),(1512,117085,'Wanda','Cannon',1),(1513,1215284,'Andrew','McIlroy',2),(1514,1230,'John','Goodman',2),(1515,387,'Kim','Greist',1),(1516,47773,'Paul','Mazursky',2),(1517,22675,'Damon','Wayans',2),(1518,37043,'Taylor','Negron',2),(1519,1184136,'Pam','Matteson',1),(1520,110536,'George','McGrath',2),(1521,1097910,'Barry','Neikrug',2),(1522,1167,'Engel','Salazar',2),(1523,1758359,'Joycee','Katz',1),(1524,138100,'Mac','Robbins',2),(1525,147961,'Max','Alexander',2),(1526,1240255,'Paul','Kozlowski',2),(1527,83115,'Barry','Sobel',2),(1528,1758360,'Marty','Pollio',2),(1529,132301,'Katie','Rich',1),(1530,1188761,'Charles David','Richards',2),(1531,42141,'Casey','Sander',2),(1532,1758361,'Michael','Pollock',2),(1533,1758362,'Wanda','Balay',1),(1534,1758363,'Tiffany','Terry',1),(1535,1758364,'Christiane','Eden',1),(1536,1758365,'Renna','Bogdanowicz',1),(1537,1758366,'Susan','Michael',1),(1538,1758367,'Kimberly','Ryusaki',1),(1539,1758368,'Consuela','Nance',1),(1540,1758369,'Barbara','Collier',1),(1541,1758370,'Darunee','Doa Hale',1),(1542,1179347,'Andrea','Adams',1),(1543,1758371,'Marcy','Del Campos',1),(1544,31363,'Candace','Cameron Bure',1),(1545,92760,'Laura','Jacoby',1),(1546,1758372,'Bianca','Rose',1),(1547,1758373,'Ron','Ulstad',2),(1548,1758374,'Howard','Weller',2),(1549,1758375,'Richard','Parker',2),(1550,552139,'George','Wallace',2),(1551,1758376,'Andrew','Parker',2),(1552,1758377,'Randy','Fechter',2),(1553,106799,'Angela','Bennett',1),(1554,25336,'Bob','Zmuda',2),(1555,1482630,'Mark','Charbonneau',2),(1556,1221202,'John','Kirby',2),(1557,9994,'Helen','Hunt',1),(1558,38026,'Chris','Noth',2),(1559,11892,'Paul','Sanchez',2),(1560,55433,'Lari','White',1),(1561,55434,'Leonid','Citer',2),(1562,55435,'David Allen','Brooks',2),(1563,55436,'Semion','Sudarikov',2),(1564,55437,'Peter','von Berg',2),(1565,55438,'Dmitri','Boudrine',2),(1566,12538,'Nick','Searcy',2),(1567,1177850,'Francois','Duhamel',2),(1568,1007561,'Michael','Forest',2),(1569,51537,'Lauren','Birkell',1),(1570,776,'Eddie','Murphy',2),(1571,31029,'Kristen','Wilson',1),(1572,66896,'Raven-Symone','',1),(1573,31031,'Kyla','Pratt',1),(1574,16855,'Mandy','Moore',1),(1575,31531,'John','DiMaggio',2),(1576,28637,'Andy','Richter',2),(1577,23970,'Denise','Dowse',1),(1578,51547,'James','Avery',2),(1579,43120,'Andy','Dick',2),(1580,16484,'Joey Lauren','Adams',1),(1581,212,'David','Cross',2),(1582,52697,'Georgia','Engel',1),(1583,51944,'Mike','Epps',2),(1584,78798,'Tom','Kenny',2),(1585,5726,'Cedric the Entertainer','',2),(1586,21731,'Michael','McKean',2),(1587,51391,'Frankie','Muniz',2),(1588,59410,'Bob','Odenkirk',2),(1589,14784,'Reni','Santoni',2),(1590,75316,'Hal','Sparks',2),(1591,56105,'Renee','Taylor',1),(1592,56902,'John','Witherspoon',2),(1593,14406,'Lisa','Kudrow',1),(1594,1428580,'Crystal the Monkey','',1),(1595,1212758,'Victor','Raider-Wexler',2),(1596,4004,'Jeffrey','Jones',2),(1597,60603,'Mark','Griffin',2),(1598,236327,'Ken','Hudson Campbell',2),(1599,1590757,'Anne','Stedman',1),(1600,1786577,'Tommy','Bush',2),(1601,78037,'Adam','Vernier',2),(1602,1744176,'Chris','Marley',2),(1603,1215291,'Shaun','Robinson',1),(1604,93846,'Googy','Gress',2),(1605,1786591,'Lisa Marie','Hugueley',1),(1606,1141373,'Doug','Seus',2),(1607,1786592,'Louise','Osbourne',1),(1608,981323,'Brie Hill','Arbaugh',1),(1609,1763099,'E.J.','Wessel',2),(1610,1786598,'Jodi','Essex',1),(1611,6564,'Lawrence','Pressman',2),(1612,1216485,'Lil','Zane',2),(1613,35092,'Don Keith','Opper',2),(1614,19260,'Terrence','Mann',2),(1615,11794,'Frances','Bay',2),(1616,27241,'Nina','Axelrod',1),(1617,157986,'Diana','Bellamy',1),(1618,16070,'Bill','Zuckert',2),(1619,73961,'Christian','Cousins',2),(1620,37007,'Aimee','Brooks',1),(1621,73960,'John','Calvin',2),(1622,33569,'William Dennis','Hunt',2),(1623,14703,'Joseph','Cousins',2),(1624,1529334,'Jose Luis','Valansuela',2),(1625,169293,'Katherine','Cortez',1),(1626,8658,'Ed','O\'Ross',2),(1627,1039,'Peter','Boyle',2),(1628,2975,'Laurence','Fishburne',2),(1629,11150,'Gina','Gershon',1),(1630,84685,'Brent','Jennings',2),(1631,591,'Brion','James',2),(1632,6916,'Peter','Jason',2),(1633,3201,'Pruitt Taylor','Vince',2),(1634,11164,'Kelly','Preston',1),(1635,43476,'Chloe','Webb',1),(1636,16560,'David','Caruso',2),(1637,4039,'Trey','Wilson',2),(1638,39753,'Hugh','O\'Brian',2),(1639,3160,'Nehemiah','Persoff',2),(1640,7868,'Maury','Chaykin',2),(1641,65598,'Tony','Jay',2),(1642,154727,'Tom','McCleister',2),(1643,4255,'Richard','Portnow',2),(1644,69122,'Heather','Graham',1),(1645,107602,'Jeff','Beck',2),(1646,11398,'Cary-Hiroyuki','Tagawa',2),(1647,52145,'Wayne','Grace',2),(1648,205150,'Ty','Granderson Jones',2),(1649,98078,'Elizabeth','Kaitan',1),(1650,4024,'Steve','Reevis',2),(1651,20812,'Jay','Arlen Jones',2),(1652,41739,'Robert','Harper',2),(1653,91039,'S.A.','Griffin',2),(1654,102840,'Richard','deFaut',2),(1655,12483,'Peter','Dvorsky',2),(1656,555081,'David','Efron',2),(1657,555082,'Lora','Milligan',1),(1658,555083,'Billy','Lucas',2),(1659,141051,'Lew','Hopson',2),(1660,555084,'Thomas','Wagner',2),(1661,35715,'Tom','Platz',2),(1662,42083,'Roger','Callard',2),(1663,555085,'Bruce','McBroom',2),(1664,116229,'Linda','Porter',1),(1665,57601,'Joe','Medjuck',2),(1666,555086,'Frank','Davis',2),(1667,155961,'John Michael','Bolger',2),(1668,555088,'Terry','Bozzio',2),(1669,555089,'Tony','Hymas',2),(1670,555090,'Nicolette','Larson',1),(1671,555091,'Jill','Avery',1),(1672,555092,'Dustin','Amy',2),(1673,555093,'Raymond','Storti',2),(1674,51544,'Mare','Winningham',1),(1675,8977,'Craig','Nelson',2),(1676,48810,'Scott','Paulin',2),(1677,53010,'John','McIntire',2),(1678,7672,'Reginald','VelJohnson',2),(1679,53011,'Mary','McCusker',1),(1680,203022,'Linda Eve','Miller',1),(1681,207667,'Andrew','Walker',2),(1682,156666,'Jules','Sylvester',2),(1683,59184,'Ernie','Lively',2),(1684,116778,'Ebbe','Smith',2),(1685,92280,'Kevin','Scannell',2),(1686,789,'Joel','Bailey',2),(1687,2249,'Clyde','Kusatsu',2),(1688,1648605,'Elaine','Bush',1),(1689,20220,'Elden','Henson',2),(1690,10661,'Grace','Jones',1),(1691,58181,'Wilt','Chamberlain',2),(1692,31364,'Sarah','Douglas',1),(1693,46423,'Olivia','d\'Abo',1),(1694,9596,'Jeff','Corey',2),(1695,25504,'Andre the Giant','',2),(1696,3809,'Francesca','Neri',1),(1697,13550,'Elias','Koteas',2),(1698,7248,'Cliff','Curtis',2),(1699,43775,'Jane','Lynch',1),(1700,9464,'Harry','Lennix',2),(1701,26294,'Lindsay','Frost',1),(1702,53280,'Tyler','Posey',2),(1703,61545,'Rick','Worthy',2),(1704,118756,'Madison','Mason',2),(1705,30488,'Miguel','Sandoval',2),(1706,101172,'Michael','Cavanaugh',2),(1707,13028,'Nicholas','Pryor',2),(1708,128672,'Rodrigo','Obrege',2),(1709,154295,'Michael','Milhoan',2),(1710,1190010,'Jorge','Zepeda',2),(1711,1233911,'Ethan','Dampf',2),(1712,13657,'Jsu','Garcia',2),(1713,93419,'Don','Scardino',2),(1714,165934,'Caitlin','O\'Heaney',1),(1715,172025,'Elizabeth','Kemp',1),(1716,240771,'Tom','Rolfing',2),(1717,167579,'Lewis','Arlt',2),(1718,52189,'Patsy','Pease',1),(1719,8986,'James','Rebhorn',2),(1720,1217003,'Dana','Barron',1),(1721,240772,'Joseph','Leon',2),(1722,7675,'Paul','Gleason',2),(1723,168618,'James','Carroll',2),(1724,55271,'Steve','James',2),(1725,54645,'Nia','Vardalos',1),(1726,38405,'John','Corbett',2),(1727,53647,'Lainie','Kazan',1),(1728,14884,'Michael','Constantine',2),(1729,8263,'Andrea','Martin',1),(1730,54651,'Joey','Fatone',2),(1731,54649,'Louis','Mandylor',2),(1732,14226,'Gia','Carides',1),(1733,54646,'Christina','Eleusiniotis',1),(1734,54647,'Marita','Zouravlioff',1),(1735,54650,'Gerry','Mendicino',2),(1736,54648,'Bess','Meisler',1),(1737,4568,'Jayne','Eastwood',1),(1738,54652,'Fiona','Reid',1),(1739,5945,'Bruce','Gray',2),(1740,1202716,'Frank','Falcone',2),(1741,2177,'Lloyd','Bridges',2),(1742,15531,'Ossie','Davis',2),(1743,26094,'Barry','McGovern',2),(1744,2493,'Robert','Stack',2),(1745,99,'Amanda','Plummer',1),(1746,22072,'Lala','Sloatman',1),(1747,3093,'Abe','Vigoda',2),(1748,10556,'Carol','Kane',1),(1749,2090,'Kirk','Douglas',2),(1750,13567,'Ann-Margret','',1),(1751,40209,'Paul','Lynde',2),(1752,164776,'Foster','Brooks',2),(1753,22556,'Ruth','Buzzi',1),(1754,4965,'Jack','Elam',2),(1755,8260,'Strother','Martin',2),(1756,191564,'Ray','Bickel',2),(1757,76065,'Robert','Tessier',2),(1758,197368,'Mel','Tillis',2),(1759,166108,'Laura','Lizer Sommers',1),(1760,170067,'Jan','Eddy',2),(1761,78198,'Tyler','Hoechlin',2),(1762,10431,'Jennifer','Jason Leigh',1),(1763,19977,'Liam','Aiken',2),(1764,3636,'Paul','Newman',2),(1765,8784,'Daniel','Craig',2),(1766,8785,'Ciare','Hinds',2),(1767,35022,'David','Darlow',2),(1768,34395,'Kevin','Chamberlin',2),(1769,35024,'Doug','Spinuzza',2),(1770,9642,'Jude','Law',2),(1771,35025,'Kurt','Naebig',2),(1772,35026,'Duane','Sharp',2),(1773,1018310,'Michael','Sassone',2),(1774,86583,'Roderick','Peeples',2),(1775,1313093,'Keith','Kupferer',2),(1776,56563,'Lara','Phillips',1),(1777,150204,'Mina','Badie',1),(1778,1571853,'Heidi Jayne','Netzley',1),(1779,191637,'Lance','Baker',2),(1780,1132472,'Nicolas','Cade',2),(1781,1226707,'John','Judd',2),(1782,1402117,'Kerry','Rossall',2),(1783,181514,'Ian','Barford',2),(1784,1571861,'Rob','Maxey',2),(1785,122678,'Maureen','Gallagher',1),(1786,181964,'Diane','Dorsey',1),(1787,36093,'Peggy','Roeder',1),(1788,140384,'Steve','Marachuk',2),(1789,1212003,'Ricky','Goldin',2),(1790,1066787,'Ted','Richert',2),(1791,215896,'Leslie','Graves',1),(1792,62042,'Carole','Davis',1),(1793,1066789,'Connie Lynn','Hadden',1),(1794,49465,'Arnie','Ross',2),(1795,1066791,'Tracey','Berg',1),(1796,1867276,'Albert','Sanders',2),(1797,1867277,'Lee','Krug',2),(1798,1867278,'Sally','Ricca',1),(1799,1867281,'Ancile','Gloudon',2),(1800,1867283,'Dorothy','Cunningham',1),(1801,11856,'Daniel','Day-Lewis',2),(1802,6941,'Cameron','Diaz',1),(1803,3896,'Liam','Neeson',2),(1804,2039,'Brendan','Gleeson',2),(1805,20243,'Roger','Ashton-Griffiths',2),(1806,15196,'David','Hemmings',2),(1807,37947,'Lawrence','Gilliard Jr.',2),(1808,742,'Michael','Byrne',2),(1809,480,'Gary','Lewis',2),(1810,9976,'Henry','Thomas',2),(1811,16021,'Barbara','Bouchet',1),(1812,147054,'Brendan','Dempsey',2),(1813,19704,'Nick','Bartlett',2),(1814,1385565,'Flaminia','Fegarotti',1),(1815,1115,'Stephen','Graham',2),(1816,1665,'Eddie','Marsan',2),(1817,8224,'Alec','McCowen',2),(1818,39678,'Rab','Affleck',2),(1819,11276,'Tim','Pigott-Smith',2),(1820,77292,'Sean','Gilder',2),(1821,26657,'David','Bamber',2),(1822,31737,'Lucy','Davenport',1),(1823,26860,'John','Sessions',2),(1824,37440,'Angela','Pleasence',1),(1825,1032,'Martin','Scorsese',2),(1826,1584544,'Philip','Ettington',2),(1827,4690,'Christopher','Walken',2),(1828,8349,'Martin','Sheen',2),(1829,136761,'Nathalie','Baye',1),(1830,9273,'Amy','Adams',1),(1831,9274,'James','Brolin',2),(1832,1990,'Brian','Howe',2),(1833,9275,'Frank John','Hughes',2),(1834,9276,'Steve','Eastin',2),(1835,9277,'John','Finn',2),(1836,9279,'Nancy','Lenehan',1),(1837,9280,'Ellen','Pompeo',1),(1838,9281,'Elizabeth','Banks',1),(1839,9282,'Guy','Thauvette',2),(1840,9283,'Candice','Azzara',1),(1841,177623,'Matthew','Kimbrough',2),(1842,114025,'Joshua','Boyd',2),(1843,52936,'Kaitlin','Doubleday',1),(1844,1236068,'Kelly','McNair',1),(1845,1689355,'Jonathan','Dankner',2),(1846,1852805,'Maggie','Mellin',1),(1847,9284,'Thomas','Kopache',2),(1848,3283,'Margaret','Travolta',1),(1849,133771,'Jimmie','Skaggs',2),(1850,747,'Alex','Hyde-White',2),(1851,2072,'Lilyan','Chauvin',1),(1852,1852806,'Eugene','Fleming',2),(1853,1173999,'Robert','Ruth',2),(1854,1818380,'Jennifer','Manley',1),(1855,62003,'James','Morrison',2),(1856,119716,'Robert','Symonds',2),(1857,1852810,'Jennifer','Kan',1),(1858,233298,'Robert','Curtis Brown',2),(1859,108716,'Kelly','Hutchinson',1),(1860,94904,'Wendy','Worthington',1),(1861,1852811,'Jane','Bodle',1),(1862,93958,'J. Patrick','McCormack',2),(1863,80978,'Brian','Goodman',2),(1864,78151,'Ray','Proscia',2),(1865,81217,'Sarah','Lancaster',1),(1866,1786339,'Jill','Matson',1),(1867,1852812,'Mike','Baldridge',2),(1868,1852813,'Joel','Ewing',2),(1869,52885,'Ritchie','Montgomery',2),(1870,111387,'Jim','Antonio',2),(1871,1852814,'Angela','Sorensen',1),(1872,1852815,'Jonathan','Brent',2),(1873,1564989,'Benita Krista','Nall',1),(1874,61854,'Shane','Edelman',2),(1875,1852816,'Andrew','Meeks',2),(1876,155295,'Morgan','Rusler',2),(1877,156980,'Jane Edith','Wilson',1),(1878,128209,'Dave','Hager',2),(1879,54850,'Kyle','Davis',2),(1880,75325,'Patrick Thomas','O\'Brien',2),(1881,109151,'Jaime Ray','Newman',1),(1882,1226231,'Deborah','Kellner',1),(1883,1494152,'Mercedes','Cornett',1),(1884,81133,'Amy','Acker',1),(1885,1217939,'Robert','Peters',2),(1886,97446,'James','DuMont',2),(1887,1852817,'Thomas','Crawford',2),(1888,166055,'Sarah','Rush',1),(1889,1213153,'Malachi','Throne',2),(1890,127536,'Alfred','Dennis',2),(1891,189735,'Max','Kerstein',2),(1892,1247688,'Donna','Kimball',1),(1893,109762,'Jan','Munroe',1),(1894,36803,'Stephen','Dunham',2),(1895,149829,'Brandon','Keener',2),(1896,29612,'Jasmine Jessica','Anthnoy',1),(1897,1852819,'Anthony','Powers',2),(1898,41506,'Lauren','Cohn',1),(1899,15034,'Jeremy','Howard',2),(1900,63985,'Jamie','Anderson',2),(1901,77462,'Kam','Heskin',1),(1902,1341865,'Ana Maria','Quintana',1),(1903,2211,'Gerald','Molen',2),(1904,1211668,'Celine','du Tertre',1),(1905,188526,'Stan','Bly',2),(1906,1852835,'Jamie','Moss',2),(1907,86929,'Jessica','Collins',1),(1908,9261,'Frank','Abagnale Jr.',2),(1909,1157125,'Roger','Loger',2),(1910,1030298,'Jean-Francois','Blanchard',2),(1911,1852836,'Mathieu','Gaudreault',2),(1912,553892,'Guy-Daniel','Tremblay',2),(1913,1050988,'Alexander','Bisping',2),(1914,142772,'Patrice','Dussault',1),(1915,1852837,'Paul','Todd',2),(1916,1852838,'Jake','Wagner',2),(1917,1852839,'Ashley','Cohen',1),(1918,1852840,'Kelly','Cohen',1),(1919,1852841,'Ellis','Hall',2),(1920,1852842,'Steven','Meizler',2),(1921,1852843,'Fred','Datig',2),(1922,1226864,'Joe','Garagiola Sr.',2),(1923,121019,'Kitty','Carlisle',1),(1924,1852844,'Dominic','Bond',2),(1925,1852845,'Jean-Francois','Brousseau',2),(1926,1852846,'Francis','Campeau',2),(1927,1852847,'Raphael','Cardin',2),(1928,1852848,'Marc-Antoine','CiCi',2),(1929,1852849,'Antoine','Drolet-Dumoulin',2),(1930,1852850,'Lion','Dussault-Gagni',2),(1931,1852851,'Simon','Houle-Gauthier',2),(1932,1852852,'Vincent','Genireux',2),(1933,1852853,'Sebastien','Jean',2),(1934,1852854,'Pascal','Larouche',2),(1935,1852855,'William','Lauzon',2),(1936,1852856,'Florent','Legault',2),(1937,1852857,'Jason','McNally',2),(1938,1852858,'Julien','Normandeau',2),(1939,1852859,'David','Parent-Laliberti',2),(1940,1852860,'Alexandre','Pepin',2),(1941,1852861,'Nicolas','Radeschi',2),(1942,1852862,'Jonathan','Reni',2),(1943,1852863,'Samuel','St-Amour',2),(1944,556960,'John','Broadwater',2),(1945,556961,'Mike','Cameron',2),(1946,1406683,'Ken','Marschall',2),(1947,1582231,'Adriana','Valdez',1),(1948,1582233,'Piper','Gunnarson',1),(1949,1582235,'Federico','Zambrano',2),(1950,1582237,'Miguel','Wilkins',2),(1951,6913,'Ellen','Barkin',1),(1952,2955,'Chris','Cooper',2),(1953,53814,'Jonah','Blechman',2),(1954,17832,'Carla','Gugino',1),(1955,134061,'Tracey','Ellis',1),(1956,1174222,'Robert','Zameroski',2),(1957,162605,'Kathy','Kinney',1),(1958,182900,'Zachary','Ansley',2),(1959,1233167,'Travis','MacDonald',2),(1960,6408,'Nick','Stahl',2),(1961,7218,'Kristanna','Loken',1),(1962,7220,'Mark','Famiglietti',2),(1963,7221,'Moira','Harris',1),(1964,7222,'Chopper','Bernet',2),(1965,7223,'Christopher','Lawford',2),(1966,7226,'Alana','Curry',1),(1967,27738,'Chris','Hardwick',2),(1968,1444239,'Robert','Alonzo',2),(1969,1178376,'Susan','Merson',1),(1970,13312,'Rae Dawn','Chong',1),(1971,26491,'Vernon','Wells',2),(1972,65508,'James','Olson',2),(1973,1737,'David Patrick','Kelly',2),(1974,24967,'Alyssa','Milano',1),(1975,52188,'Drew','Snyder',2),(1976,1183969,'Sharon','Wyatt',1),(1977,105089,'Michael','Delano',2),(1978,156869,'Bob','Minor',2),(1979,999672,'Michael','Adams',2),(1980,48136,'Gary Carlos','Cervantes',2),(1981,1228048,'Julie','Hayek',1),(1982,16474,'Walter','Scott',2),(1983,114696,'Ava','Cadell',1),(1984,106730,'Branscombe','Richmond',2),(1985,18918,'Dwayne','Johnson',2),(1986,57599,'Seann William','Scott',2),(1987,5916,'Rosario','Dawson',1),(1988,1125,'Ewen','Bremner',2),(1989,9629,'Jon','Gries',2),(1990,131725,'William','Lucking',2),(1991,1815341,'Stuart','Wilson',2),(1992,1221121,'Dennis','Keiffer',2),(1993,956198,'Garrett','Warren',2),(1994,179882,'Toby','Holguin',2),(1995,55205,'Stephen','Bishop',2),(1996,1562258,'Paul','Power',2),(1997,1815342,'Chuck','Norman',2),(1998,74931,'Jamal','Duff',2),(1999,159482,'John','Duff',2),(2000,56448,'Jeff','Chase',2),(2001,1815343,'Price','Jackson',2),(2002,1815344,'Anthony','Diaz-Perez',2),(2003,42108,'Deborah','Loomis',1),(2004,42109,'Taina','Elg',1),(2005,14852,'James','Karen',2),(2006,7332,'Arnold','Stang',2),(2007,14698,'Penelope Ann','Miller',1),(2008,14700,'Richard','Tyson',2),(2009,14707,'Alix','Koromzay',1),(2010,14701,'Carroll','Baker',1),(2011,14702,'Cathy','Moriarty',1),(2012,14704,'Park','Overall',1),(2013,14708,'Betty Lou','Henson',1),(2014,11627,'Jayne','Brook',1),(2015,21402,'Adam','Wylie',2),(2016,51992,'Odette','Annable',1),(2017,62551,'Heidi','Swedberg',1),(2018,1785179,'Bob','Nelson',2),(2019,1785209,'Molly','Cleator',1),(2020,152585,'Eugene','Elman',2),(2021,1785213,'Susan','Burns',1),(2022,41508,'Jason','Stuart',2),(2023,172525,'Ray','Glanzmann',2),(2024,160488,'Ed','Crick',2),(2025,9780,'Angela','Bassett',1),(2026,554095,'Chi Muoi','Lo',1),(2027,1390442,'John','Hammil',2),(2028,4025,'Steve','Park',2),(2029,1785221,'John','Steinkamp',2),(2030,1174939,'Charlie','Holliday',2),(2031,1785222,'Lee','Forest',2),(2032,1785223,'Judy','Wix',1),(2033,60857,'Galen','Yuen',2),(2034,1134691,'Frankie','Avina',2),(2035,1785227,'Terry','Golden',2),(2036,1785228,'Lee','Dupree',2),(2037,1785229,'Debra','Casey',1),(2038,174560,'Peter Mark','Vasquez',2),(2039,1734768,'Jacques Apollo','Bolton',2),(2040,188274,'Leo','Lee',2),(2041,1785230,'Kenneth','Chapman',2),(2042,194985,'Rick','Jones',2),(2043,1785231,'Mimi','Kauffman',1),(2044,1785232,'Tiffany','Reaves',1),(2045,1785236,'Anne','Merrem',1),(2046,1785240,'Arlene','Phalon',1),(2047,1785243,'Justin','Page',2),(2048,1785244,'Peter','Rakow',2),(2049,65300,'Sarah Rose','Karr',1),(2050,1785245,'Marissa','Rosen',1),(2051,1785248,'Ben','McCreary',2),(2052,1785252,'Robert','Cave',2),(2053,1178795,'Ben','Diskin',2),(2054,1785254,'Tameka','Runnels',1),(2055,1785255,'Medha','Garg',1),(2056,108212,'Brian','Wagner',2),(2057,132351,'John Christian','Graas',2),(2058,1785256,'Jimmy Darrin','Jackson III',2),(2059,1785259,'Ian','Baumer',2),(2060,1785260,'Amy','Wald',1),(2061,1785262,'Tiffany','Mataras',1),(2062,1785266,'Krystle','Mataras',1),(2063,1785267,'James','Chance',2),(2064,1785268,'Nicole','Nagorsky',1),(2065,1785271,'Amber','Reaves',1),(2066,1785274,'Tina','Hart',1),(2067,1785277,'Haley','Hileman',1),(2068,1785279,'Bethany','Allyn',1),(2069,1785280,'Zachary','Marsh',2),(2070,1785281,'Anthony','Wong',2),(2071,1785282,'Remone','Bradley',2),(2072,1785283,'Jaime','Lucero Jr.',2),(2073,1004156,'Gary','Rodriguez',2),(2074,43010,'Thomas','Rosales Jr.',2),(2075,1591740,'William','Rossman',2),(2076,1785290,'Rob','Wegner',2),(2077,154745,'Kim','Delgado',2),(2078,109,'Elijah','Wood',2),(2079,2059,'Adam','Baldwin',2),(2080,4787,'Joseph','Mazzello',2),(2081,8258,'Ben','Johnson',2),(2082,21403,'Thomas','Nicholas',2),(2083,76239,'Garette','Henson',2),(2084,1108984,'Sean','Baca',2),(2085,939799,'Victor','DiMattia',2),(2086,53765,'Abraham','Verduzco',2),(2087,66538,'Adam','Hendershott',2),(2088,1108999,'Daniel','Bieber',2),(2089,196185,'John','Mazzello',2),(2090,174892,'Coleby','Lombardo',2),(2091,157954,'Mike','Simmrin',2),(2092,1109020,'Lennard','Camarillo',2),(2093,707,'Dan','Aykroyd',2),(2094,290,'Christopher','Plummer',2),(2095,4073,'Harry','Morgan',2),(2096,55567,'Alexandra','Paul',1),(2097,41224,'Jack','O\'Halloran',2),(2098,44845,'Elizabeth','Ashley',1),(2099,7210,'Kathleen','Freeman',1),(2100,45379,'Shannon','Tweed',1),(2101,60152,'Lisa','London',1),(2102,19137,'Lou','Ferrigno',2),(2103,41949,'Serge','Nubret',2),(2104,41946,'Mike','Katz',2),(2105,4971,'Bud','Cort',2),(2106,35720,'Joe','Weider',2),(2107,35719,'Ken','Waller',2),(2108,42084,'Robbie','Robinson',2),(2109,42085,'Paul','Grant',2),(2110,42086,'John','Isaacs',2),(2111,35711,'Ed','Corney',2),(2112,42087,'Marianne','Claire',1),(2113,42088,'Matty','Ferrigno',2),(2114,42089,'Victoria','Ferrigno',1),(2115,42090,'Jimmy','Williams',2),(2116,21519,'Kathryn','Harrold',1),(2117,7333,'Darren','McGavin',2),(2118,21520,'Sam','Wanamaker',2),(2119,1165,'Paul','Shenar',2),(2120,21521,'Steven','Hill',2),(2121,1230541,'Louise','Robey',1),(2122,21522,'Joe','Regalbuto',2),(2123,2055,'Robert','Davi',2),(2124,21523,'Ed','Lauter',2),(2125,21525,'Blanche','Baker',1),(2126,10562,'Mordecai','Lawner',2),(2127,2561,'Victor','Argo',2),(2128,69129,'George','Wilbur',2),(2129,26737,'Denver','Mattson',2),(2130,1226704,'Lorenzo','Clemons',2),(2131,82507,'Dick','Durock',2),(2132,142159,'Frank','Ferrara',2),(2133,1217281,'Jack','Hallett',2),(2134,15374,'Leon','Rippy',2),(2135,3909,'Gary','Houston',2),(2136,545576,'Norman','Maxwell',2),(2137,9562,'Marlon','Wayans',2),(2138,21629,'Tzi','Ma',2),(2139,43859,'Diane','Delano',1),(2140,16459,'John','McConnell',2),(2141,84115,'Jason','Weaver',2),(2142,1378072,'Lyne','Odums',1),(2143,1509209,'Walter','Jordan',2),(2144,154189,'George Anthony','Bell',2),(2145,17305,'Greg','Grunberg',2),(2146,11357,'Bruce','Campbell',2),(2147,24199,'Jennifer','Echols',1),(2148,18897,'Jackie','Chan',2),(2149,4581,'Steve','Coogan',2),(2150,17522,'Cecile','de France',1),(2151,64160,'Robert','Fyfe',2),(2152,3547,'Ian','McNeice',2),(2153,27822,'David','Ryall',2),(2154,27660,'Roger','Hammond',2),(2155,23429,'Adam','Godley',2),(2156,62831,'Will','Forte',2),(2157,13633,'Mark','Addy',2),(2158,64436,'Daniel','Wu',2),(2159,21045,'Maggie','Q',1),(2160,62410,'Sammo','Hung',2),(2161,57831,'Karen','Mok',1),(2162,158079,'Richard','Branson',2),(2163,8930,'John','Cleese',2),(2164,203194,'Natalie','Sperl',1),(2165,955709,'Wolfram','Teufel',2),(2166,20824,'Perry','Blake',2),(2167,60949,'Rob','Schneider',2),(2168,887,'Owen','Wilson',2),(2169,36422,'Luke','Wilson',2),(2170,1922,'Catherine','Zeta-Jones',1),(2171,8687,'Chi','McBride',2),(2172,8688,'Diego','Luna',2),(2173,8690,'Kumar','Pallana',2),(2174,8691,'Zoe','Saldana',1),(2175,8693,'Jude','Ciccolella',2),(2176,8694,'Corey','Reynolds',2),(2177,8695,'Guillermo','Diaz',2),(2178,8696,'Rini','Bell',1),(2179,8697,'Stephen','Mendel',2),(2180,8699,'Michael','Nouri',2),(2181,8700,'Sasha','Spielberg',1),(2182,1391612,'John','Eddins',2),(2183,128719,'Valeriy','Nikolaev',2),(2184,1775990,'Lydia','Garza',1),(2185,112050,'Susan','Slome',1),(2186,41561,'Kenneth','Choi',2),(2187,66580,'Scott','Adsit',2),(2188,1524538,'Eddie','Santiago',2),(2189,1229,'Jeff','Bridges',2),(2190,5139,'Robert','Englund',2),(2191,42155,'Helena','Kallianiotes',1),(2192,42156,'Roger','Mosley',2),(2193,593,'Joanna','Cassidy',1),(2194,42157,'Ed','Begley Jr.',2),(2195,16525,'Joe','Spinell',2),(2196,42162,'John David','Carson',2),(2197,7077,'Scatman','Crothers',2),(2198,42166,'Kathleen','Miller',1),(2199,13263,'Woodrow','Parfrey',2),(2200,42169,'Richard','Gilliland',2),(2201,42170,'Mayf','Nutter',2),(2202,18251,'Fannie','Flagg',1),(2203,27742,'Dennis','Fimple',2),(2204,26456,'Lori','Singer',1),(2205,1466,'Charles','Durning',2),(2206,52995,'Edward','Herrmann',2),(2207,12857,'Irving','Metzman',2),(2208,26283,'Gerrit','Graham',2),(2209,22134,'Ritch','Brinkley',2),(2210,162110,'Frank','Hamilton',2),(2211,949847,'Dortha','Duckworth',1),(2212,28010,'David','Stiers',2),(2213,77299,'Julius','Carry',2),(2214,1171241,'Stephen','Bradley',2),(2215,44792,'Art','LaFleur',2),(2216,80416,'Richard','McGonagle',2),(2217,133581,'Patricia','Gaul',1),(2218,118071,'Charles','Levin',2),(2219,940742,'Dan','Resin',2),(2220,954362,'Tom','Rayhall',2),(2221,97964,'Victoria','Carroll',1),(2222,954546,'Mark','Robman',2),(2223,154630,'Charles','Walker',2),(2224,153938,'David','Selburg',2),(2225,152963,'Lisa','Raggio',1),(2226,129319,'Ivy','Bethune',1),(2227,207264,'Richard','Clark',2),(2228,1171242,'Tom','Chiu',2),(2229,172446,'Damita Jo','Freeman',1),(2230,171346,'Jeff','Ware',2),(2231,977062,'Noel','De Souza',2),(2232,61323,'Dan','Ziskie',2),(2233,83114,'Sam','Sako',2),(2234,18286,'Nona','Gaye',1),(2235,42362,'Eddie','Deezen',2),(2236,42287,'Leslie','Zemeckis',1),(2237,37935,'Steven','Tyler',2),(2238,23791,'Chris','Coppola',2),(2239,12826,'Charles','Fleischer',2),(2240,65019,'Lane','Smith',2),(2241,22111,'Daniel Hugh','Kelly',2),(2242,1279102,'David Clyde','Carr',2),(2243,68122,'Tim','Daly',2),(2244,156999,'Steve','Hofvendahl',2),(2245,119521,'Conor','O\'Farrell',2),(2246,2130,'Cary','Elwes',2),(2247,161856,'Ben','Marley',2),(2248,112,'Cate','Blanchett',1),(2249,3967,'Kate','Beckinsale',1),(2250,7447,'Alec','Baldwin',2),(2251,21278,'Alan','Alda',2),(2252,65,'Ian','Holm',2),(2253,17442,'Kelli','Garner',1),(2254,6413,'Danny','Huston',2),(2255,1213786,'Brent','Spiner',2),(2256,5293,'Willem','Dafoe',2),(2257,77070,'Gwen','Stefani',1),(2258,36801,'Adam','Scott',2),(2259,11154,'Matt','Ross',2),(2260,4171,'Stanley','DeSantis',2),(2261,15318,'Keith','Campbell',2),(2262,99185,'Amy','Sloan',1),(2263,1218282,'Kevin','O\'Rourke',2),(2264,177898,'Nellie','Sciutto',1),(2265,6074,'Kenneth','Welsh',2),(2266,63296,'J.C.','MacKenzie',2),(2267,84518,'Jacob','Davich',2),(2268,164630,'Sam','Hennings',2),(2269,28009,'Vince','Giordano',2),(2270,30617,'Jason','Cavalier',2),(2271,146084,'Rufus','Wainwright',2),(2272,84848,'Loudon','Wainwright III',2),(2273,218947,'Martha','Wainwright',1),(2274,1674587,'Al','Dubois',2),(2275,1229676,'John','Koensgen',2),(2276,1240748,'Harry','Standjofski',2),(2277,74651,'Josie','Maran',1),(2278,141762,'Joe','Chrest',2),(2279,17417,'Justin','Shilton',2),(2280,115596,'Arthur','Holden',2),(2281,7531,'Joseph','Reidy',2),(2282,81430,'Stephane','Demers',2),(2283,38529,'Yves','Jacques',2),(2284,154773,'Chris','Ufland',2),(2285,65729,'Sebastian','Tillinger',2),(2286,29468,'James','Bradford',2),(2287,1674603,'Francesca','Scorsese',1),(2288,159056,'Alan','Toy',2),(2289,51389,'Joe','Cobden',2),(2290,198630,'Linda','Smith',1),(2291,155437,'David','Purdham',2),(2292,21293,'Alan','Fawcett',2),(2293,216778,'Lisa Bronwyn','Moore',1),(2294,51538,'Emma','Campbell',1),(2295,108302,'Matt','Holland',2),(2296,1089927,'Dennis','St John',2),(2297,1673119,'Al','Vandecruys',2),(2298,1569328,'James','Rae',2),(2299,1177460,'Kathleen','McAuliffe',1),(2300,224077,'Terry','Haig',2),(2301,1674596,'Danielle','Franke',1),(2302,1674590,'Meghan','Elizabeth',1),(2303,1577405,'Elizabeth','DeCicco',1),(2304,1674588,'Elisa','Dyann',1),(2305,1330755,'Isabelle','Champeau',1),(2306,1372185,'Al','Coronel',2),(2307,93216,'Pamela','Conrad',1),(2308,240127,'Eric','Gores',2),(2309,31903,'Henry','Winkler',2),(2310,6396,'Richard','Edson',2),(2311,21596,'Shannon','Elizabeth',1),(2312,101396,'Brenda','Strong',1),(2313,20373,'Arielle','Kebbel',1),(2314,35806,'Shaquille','O\'Neal',2),(2315,65236,'Bill','Goldberg',2),(2316,1212818,'Pat','O\'Brien',2),(2317,1226782,'Eric','Dickerson',2),(2318,58448,'Penelope','Spheeris',1),(2319,15425,'Neil','Young',2),(2320,76139,'Emmylou','Harris',1),(2321,2405,'Audrey','Tautou',1),(2322,6162,'Paul','Bettany',2),(2323,1003,'Jean','Reno',2),(2324,658,'Alfred','Molina',2),(2325,920,'Jorgen','Prochnow',2),(2326,34259,'Jean-Yves','Berteloot',2),(2327,20795,'Jean-Pierre','Marielle',2),(2328,38885,'Marie-Francoise','Audollent',1),(2329,28186,'Agathe','Natanson',1),(2330,38886,'Tina','Maskell',1),(2331,38887,'Peter','Pedrero',2),(2332,38888,'Seth','Gabel',2),(2333,150792,'Etienne','Chicot',2),(2334,1278517,'Mark','Roper',2),(2335,1866899,'Andy','Robb',2),(2336,129014,'Dhaffer','L\'Abidine',2),(2337,15897,'Larry the Cable Guy','',2),(2338,4252,'Tony','Shalhoub',2),(2339,11159,'Cheech','Marin',2),(2340,15902,'Michael','Wallis',2),(2341,15903,'George','Carlin',2),(2342,15898,'Guido','Quaroni',2),(2343,1229705,'Richard','Petty',2),(2344,2232,'Michael','Keaton',2),(2345,381,'Katherine','Helmond',1),(2346,12799,'Jeremy','Piven',2),(2347,81113,'Jeremy','Clarkson',2),(2348,932721,'Dale','Earnhardt Jr.',2),(2349,90424,'Mario','Andretti',2),(2350,216299,'Michael','Schumacher',2),(2351,21290,'Dave','Foley',2),(2352,160042,'Bob','Costas',2),(2353,942993,'Darrell','Waltrip',2),(2354,21125,'Richard','Kind',2),(2355,3202,'Edie','McClurg',1),(2356,1442427,'Humpy','Wheeler',2),(2357,933947,'Tom','Magliozzi',2),(2358,933948,'Ray','Magliozzi',2),(2359,1442428,'Lynda','Petty',1),(2360,1443286,'Sarah','Clark',1),(2361,1443287,'Mike','Nelson',2),(2362,7940,'Jonas','Rivera',2),(2363,7962,'Lou','Romano',2),(2364,1443295,'Adrian','Ochoa',2),(2365,8078,'E.J.','Holowicki',2),(2366,72754,'Elissa','Knight',1),(2367,72753,'Lindsey','Collins',1),(2368,1443308,'Larry','Benton',2),(2369,1443310,'Douglas','Keever',2),(2370,83633,'Vanness','Wu',2),(2371,1204,'Julia','Roberts',1),(2372,2963,'Nicolas','Cage',2),(2373,9788,'Regina','King',1),(2374,1211,'Larry','Miller',2),(2375,60252,'Cheri','Oteri',1),(2376,60251,'Zach','Tyler',2),(2377,1793,'Ricardo','Montalban',2),(2378,11157,'Myles','Jeffrey',2),(2379,60254,'Creagen','Dow',2),(2380,60258,'Mark','DeCarlo',2),(2381,60255,'Jake','Austin',2),(2382,60253,'Allison','Mack',1),(2383,60257,'S. Scott','Bullock',2),(2384,60259,'Paul','Greenberg',2),(2385,43125,'Rob','Paulsen',2),(2386,514,'Jack','Nicholson',2),(2387,5538,'Ray','Winstone',2),(2388,21657,'Vera','Farmiga',1),(2389,18471,'Anthony','Anderson',2),(2390,18472,'Kevin','Corrigan',2),(2391,18473,'James Badge','Dale',2),(2392,2482,'David','O\'Hara',2),(2393,4733,'Robert','Wahlberg',2),(2394,18475,'Kristen','Dalton',1),(2395,18476,'Thomas','Duffy',2),(2396,18477,'Richard','Hughes',2),(2397,17194,'Chance','Kelly',2),(2398,1182724,'Larry','Mitchell',2),(2399,951993,'Mary','Klug',1),(2400,1203261,'Robert','Kar Yuen Chan',2),(2401,185705,'Gurdeep','Singh',2),(2402,1184209,'Armen','Garo',2),(2403,206398,'John','Cenatiempo',2),(2404,1218180,'Billy','Smith',2),(2405,1434599,'Brian','Smyj',2),(2406,77025,'William','Severs',2),(2407,155535,'Douglas','Crosby',2),(2408,19488,'Dorothy','Lyman',1),(2409,77100,'Audrie','Neenan',1),(2410,82754,'Conor','Donovan',2),(2411,51666,'Patrick','Coppola',2),(2412,122260,'Mick','O\'Rourke',2),(2413,1428152,'Henry','Yuk',2),(2414,1000883,'John','Rue',2),(2415,93752,'John','Farrer',2),(2416,10138,'Brian','Haley',2),(2417,2257,'Terry','Serpico',2),(2418,170240,'Jay','Gian',2),(2419,187812,'David','Conley',2),(2420,1455497,'Jill','Brown',1),(2421,58333,'Tom','Kemp',2),(2422,1083451,'Johnny','Cicco',2),(2423,1711562,'David','Fischer',2),(2424,45648,'Emma','Tillinger Koskoff',1),(2425,1116907,'Craig','Castaldo',2),(2426,1449608,'James','Anderson',2),(2427,1011669,'Takumi','Bando',2),(2428,1221663,'Eric','Borgman',2),(2429,1500999,'David','Boston',2),(2430,1422337,'Brendan','Burke',2),(2431,204711,'Chris','Chinn',2),(2432,1371552,'Jeffrey','Corazzini',2),(2433,1198454,'Jim','Ford',2),(2434,1277520,'Trudi','Goodman',1),(2435,580695,'Steve','Lord',2),(2436,1385443,'Jack','McCullough',2),(2437,205231,'Osmani','Rodriguez',2),(2438,1297402,'Lawrence Cameron','Steele',2),(2439,118641,'Stream','',1),(2440,1366927,'Conor','Timmis',2),(2441,1360008,'Joseph','Oliveira',2),(2442,1574936,'Mark','Falvo',2),(2443,1519595,'Adam','Masnyk',2),(2444,1535492,'Shawn','Fogarty',2),(2445,928638,'John','Franchi',2),(2446,938,'Djimon','Hounsou',2),(2447,6161,'Jennifer','Connelly',1),(2448,16742,'Kagiso','Kuypers',2),(2449,16743,'Arnold','Vosloo',2),(2450,16744,'Antony','Coleman',2),(2451,16746,'Benu','Mabhena',2),(2452,16749,'Anointing','Lukola',2),(2453,16752,'David','Harewood',2),(2454,16754,'Basil','Wallace',2),(2455,16756,'Jimi','Mistry',2),(2456,3968,'Michael','Sheen',2),(2457,16758,'Marius','Weyers',2),(2458,1756,'Stephen','Collins',2),(2459,16760,'Ntare Guma','Mbaho Mwine',2),(2460,5377,'Ato','Essandoh',2),(2461,71078,'David','Lee',2),(2462,13103,'Percy','Matsemela',2),(2463,1332515,'Klemens','Becker',2),(2464,67059,'Grant','Swanby',2),(2465,208096,'Adetokumboh','M\'Cormack',2),(2466,1332516,'Tyrone','Keogh',2),(2467,4495,'Steve','Carell',2),(2468,16858,'Lauren','Graham',1),(2469,6860,'Jimmy','Bennett',2),(2470,8265,'John Michael','Higgins',2),(2471,27102,'Wanda','Sykes',1),(2472,27103,'Graham','Phillips',2),(2473,27104,'Johnny','Simmons',2),(2474,21007,'Jonah','Hill',2),(2475,27105,'Ed','Helms',2),(2476,151124,'James','Newman',2),(2477,28640,'Molly','Shannon',1),(2478,1388473,'Lucia','Forte',1),(2479,1349629,'Harry','Murphy',2),(2480,99090,'Don','Dowe',2),(2481,23211,'Maile','Flanagan',2),(2482,200,'Nancy','Cartwright',1),(2483,5586,'Yeardley','Smith',1),(2484,6008,'Harry','Shearer',2),(2485,6009,'Pamela','Hayden',1),(2486,6036,'Marcia','Wallace',1),(2487,95866,'Billie Joe','Armstrong',2),(2488,95867,'Mike','Dirnt',2),(2489,95868,'Tre','Cool',2),(2490,34983,'Tress','MacNeille',1),(2491,13,'Albert','Brooks',2),(2492,6035,'Russi','Taylor',1),(2493,156910,'Karl','Wiedergott',2),(2494,6007,'Maggie','Roswell',1),(2495,179632,'Philip','Rosenthal',2),(2496,11851,'Om','Puri',2),(2497,50346,'Shiri','Appleby',1),(2498,50347,'Rachel','Nichols',1),(2499,18917,'Erick','Avari',2),(2500,42515,'Cyia','Batten',1),(2501,81681,'Denis','O\'Hare',2),(2502,13726,'Ned','Beatty',2),(2503,5081,'Emily','Blunt',1),(2504,203734,'Wynn','Everett',1),(2505,182280,'Daniel Eric','Gold',2),(2506,16483,'Sylvester','Stallone',2),(2507,78720,'Chris','Bell',2),(2508,46242,'Mark','Bellinghaus',2),(2509,346,'Mike','Bell',2),(2510,71070,'Amanda','Seyfried',1),(2511,5472,'Colin','Firth',2),(2512,477,'Julie','Walters',1),(2513,55470,'Dominic','Cooper',2),(2514,1240058,'Ashley','Lilley',1),(2515,127000,'Rachel','McDowall',1),(2516,1820225,'Philip','Michael',2),(2517,71073,'Enzo','Squillino Jr.',2),(2518,58970,'Juan Pablo','Di Pace',2),(2519,40043,'Niall','Buggy',2),(2520,1231600,'Ricardo','Montez',2),(2521,1749206,'Mia','Soteriou',1),(2522,1237617,'Chris','Jarvis',2),(2523,570010,'George','Georgiou',2),(2524,1820226,'Hemi','Yeroham',2),(2525,1820227,'Maria','Lopiano',1),(2526,138158,'Norma','Atallah',1),(2527,1450460,'Myra','McFadyen',1),(2528,1820228,'Leonie','Hill',1),(2529,1170519,'Jane','Foufas',1),(2530,71072,'Nancy','Baldwin',1),(2531,1105459,'Helen','Soraya',1),(2532,2983,'Mark','Strong',2),(2533,762,'Ali','Suliman',2),(2534,33241,'Michael','Gaston',2),(2535,43436,'Mehdi','Nebbou',2),(2536,229932,'Golshifteh','Farahani',1),(2537,25072,'Oscar','Isaac',2),(2538,16607,'Alon','Aboutboul',2),(2539,77496,'Vince','Colosimo',2),(2540,25087,'Kais','Nashif',2),(2541,544186,'Jamil','Khoury',2),(2542,77498,'Lubna','Azabal',1),(2543,544187,'Ghali','Benlafkih',2),(2544,41645,'Clara','Khoury',1),(2545,58787,'Giannina','Facio',1),(2546,82809,'Annabelle','Wallis',1),(2547,1634315,'Xanthe','Elbrick',2),(2548,36592,'Saoirse','Ronan',1),(2549,45051,'Harry','Treadaway',2),(2550,5960,'Mary Kay','Place',1),(2551,1532,'Bill','Murray',2),(2552,2641,'Martin','Landau',2),(2553,13014,'Toby','Jones',2),(2554,504,'Tim','Robbins',2),(2555,82142,'B.J.','Hogg',2),(2556,82143,'Lucinda','Dryzek',1),(2557,82144,'Matt','Jessup',2),(2558,82145,'Lara','McIvor',1),(2559,82146,'Myles','Thompson',2),(2560,82148,'Rachel','Morton',1),(2561,82149,'Conor','MacNeill',2),(2562,82150,'Lorraine','Hilton',2),(2563,17352,'Marianne','Jean-Baptiste',1),(2564,1559187,'Eoin','McAndrew',2),(2565,1711,'Mackenzie','Crook',2),(2566,7320,'Liz','Smith',1),(2567,335,'Michael','Shannon',2),(2568,17696,'Kathryn','Hahn',1),(2569,35029,'David','Harbour',2),(2570,17181,'Ty','Simpkins',2),(2571,35027,'Ryan','Simpkins',1),(2572,172705,'Richard','Easton',2),(2573,35028,'Zoe','Kazan',1),(2574,7133,'Max','Casella',2),(2575,6067,'Jay','Sanders',2),(2576,210824,'Kristen','Connolly',1),(2577,1361813,'John','Behlmann',2),(2578,10960,'Max','Baker',2),(2579,181299,'Keith','Reddin',2),(2580,1237533,'Dylan Clark','Marshall',2),(2581,164094,'Marin','Ireland',1),(2582,39652,'Kenny','Ausubel',2),(2583,39653,'Janine','Benyus',1),(2584,39654,'Sylvia','Earle',1),(2585,39655,'Gloria','Flora',1),(2586,39656,'Michel','Gelobter',2),(2587,39657,'Stephen','Hawking',2),(2588,10743,'Ricky','Jay',2),(2589,2171,'Griffin','Dunne',2),(2590,10386,'Debra','Monk',1),(2591,52801,'Patrick','Fischler',2),(2592,17421,'Wallace','Langham',2),(2593,142292,'Jonathan','Ames',2),(2594,12219,'Jon','Stewart',2),(2595,42291,'Jacquie','Barnbrook',1),(2596,83872,'Casey','Wilson',1),(2597,31714,'Stacey','Travis',1),(2598,81365,'Dale','Waddington',2),(2599,81200,'Conan','O\'Brien',2),(2600,75341,'Gary','Coleman',2),(2601,14672,'Michael','Winslow',2),(2602,40429,'Jack','Carter',2),(2603,1218610,'Martha','Stewart',1),(2604,151657,'Regis','Philbin',2),(2605,1752,'George','Takei',2),(2606,1223103,'Mary','Hart',1),(2607,101378,'Don','Most',2),(2608,5661,'Matthew','Gray Gubler',2),(2609,8786,'Ayelet','Zurer',1),(2610,17839,'Pierfrancesco','Favino',2),(2611,12647,'Armin','Mueller-Stahl',2),(2612,20258,'Thure','Lindhardt',2),(2613,74487,'David','Pasquesi',2),(2614,74488,'Cosimo','Fusco',2),(2615,74494,'Victor','Alfieri',2),(2616,966875,'Franklin','Amobi',2),(2617,74506,'Curt','Lowens',2),(2618,26738,'Bob','Yerkes',2),(2619,1018,'Nikolaj','Lie Kaas',2),(2620,28413,'Carmen','Argenziano',2),(2621,74492,'Gino','Conforti',2),(2622,2368,'Elya','Baskin',2),(2623,40224,'Thomas','Morris',2),(2624,1247537,'August','Wittgenstein',2),(2625,1136411,'Ben','Bela',2),(2626,74516,'Jeffrey','Boehm',2),(2627,168588,'Steve','Kehela',2),(2628,74490,'Ursula','Brooks',1),(2629,74496,'Rashmi','',1),(2630,74495,'Yan','Cui',2),(2631,1277677,'Fritz','Michel',2),(2632,27282,'Maria Cristinia','Heller',1),(2633,74499,'Pascal','Petardi',2),(2634,74502,'Kristof','Konrad',2),(2635,34520,'Masasa','Moyo',1),(2636,74511,'Ed Francis','Martin',2),(2637,6180,'Cheryl','Howard',1),(2638,6701,'Norbert','Weisser',2),(2639,74493,'Shelby','Zemanek',1),(2640,1189077,'Justin','Giddings',2),(2641,27570,'Anna','Katarina',1),(2642,987053,'Marc','Fiorini',2),(2643,24323,'Steve','Franken',2),(2644,74509,'Jonas','Fisch',2),(2645,168981,'Howard','Mungo',2),(2646,1277668,'Silvano','Marchetto',2),(2647,1277675,'Paul','Schmitz',2),(2648,1277667,'Richard','Rosetti',2),(2649,1277676,'Xavier','Nathan',2),(2650,211624,'Yesenia','Adame',1),(2651,65731,'Sam','Worthington',2),(2652,21028,'Anton','Yelchin',2),(2653,56455,'Moon','Bloodgood',1),(2654,18997,'Bryce Dallas','Howard',1),(2655,1283,'Helena','Bonham Carter',1),(2656,4238,'Common','',2),(2657,76542,'Roland','Kickinger',2),(2658,13724,'Jane','Alexander',1),(2659,76543,'Chris','Browning',2),(2660,76544,'Chris','Ashworth',2),(2661,213753,'Jadagrace','',1),(2662,1039678,'David','Midthunder',2),(2663,77517,'Isabelle','Fuhrman',1),(2664,10841,'Karel','Roden',2),(2665,90455,'Aryana','Engineer',1),(2666,90456,'Jamie','Young',2),(2667,90457,'Lorry','Ayers',1),(2668,59602,'Brendan','Wall',2),(2669,80969,'Genelle','Williams',1),(2670,90458,'Mustafa','Abdelkarim',2),(2671,90459,'Landon','Norris',2),(2672,90460,'Julien','Elia',2),(2673,90461,'Leni','Parker',1),(2674,90462,'Gemma','James Smith',2),(2675,90463,'Pia','Ajango',2),(2676,90464,'Matthew','Raudsepp',1),(2677,44191,'Sugith','Varughese',2),(2678,90465,'Luis','Olivia',2),(2679,90466,'Ferelith','Young',1),(2680,90467,'Andrew','Shaver',2),(2681,80576,'Max','Records',2),(2682,2229,'Catherine','Keener',1),(2683,54470,'Lauren','Ambrose',1),(2684,4691,'James','Gandolfini',2),(2685,11514,'Catherine','O\'Hara',1),(2686,2178,'Forest','Whitaker',2),(2687,103,'Mark','Ruffalo',2),(2688,113495,'Pepita','Emmerichs',1),(2689,187406,'Madeleine','Greaves',1),(2690,187281,'Joshua','Jay',2),(2691,187494,'Steve','Mouzakis',2),(2692,17142,'Paul','Dano',2),(2693,1716,'Michael','Berry Jr.',2),(2694,1213279,'Ryan','Corr',2),(2695,1575431,'Max','Pfeifer',2),(2696,5953,'Spike','Jonze',2),(2697,1486057,'John','Leary',2),(2698,32747,'Stephen','Lang',2),(2699,17647,'Michelle','Rodriguez',1),(2700,59231,'Joel David','Moore',2),(2701,15853,'Wes','Studi',2),(2702,10964,'Laz','Alonso',2),(2703,95697,'Dileep','Rao',2),(2704,98215,'Matt','Gerald',2),(2705,154153,'Sean Anthony','Moran',2),(2706,397312,'Jason','Whyte',2),(2707,42317,'Scott','Lawrence',2),(2708,986734,'Kelly','Kilgour',2),(2709,1207227,'James Patrick','Pitt',2),(2710,1180936,'Sean Patrick','Murphy',2),(2711,1019578,'Peter','Dillon',2),(2712,91443,'Kevin','Dorman',2),(2713,173391,'Kelson','Henderson',2),(2714,1207236,'David','Van Horn',2),(2715,215913,'Jacob','Tomuri',2),(2716,143206,'Michael','Blain-Rozgay',2),(2717,169676,'Jon','Curry',2),(2718,1048610,'Luke','Hawker',2),(2719,42288,'Woody','Schultz',2),(2720,68278,'Peter','Mensah',2),(2721,1207247,'Sonia','Yee',1),(2722,1207248,'Jahnel','Curfman',1),(2723,89714,'Ilram','Choi',2),(2724,1207249,'Kyla','Warren',1),(2725,1207250,'Lisa','Roumain',1),(2726,83105,'Debra','Wilson',1),(2727,1207253,'Chris','Mala',2),(2728,1207251,'Taylor','Kibby',1),(2729,1207252,'Jodie','Landau',1),(2730,1207254,'Julie','Lamm',1),(2731,1207257,'Cullen','Madden',2),(2732,1207259,'Joseph Brady','Madden',2),(2733,1207262,'Frankie','Torres',2),(2734,1158600,'Austin','Wilson',1),(2735,983705,'Sara','Wilson',1),(2736,1207263,'Tamica','Washington-Miller',1),(2737,1145098,'Lucy','Briant',1),(2738,33305,'Nathan','Meister',2),(2739,1207264,'Gerry','Blair',2),(2740,33311,'Matthew','Chamberlain',2),(2741,1207265,'Paul','Yates',2),(2742,1207266,'Wray','Wilson',1),(2743,54492,'James','Gaylyn',2),(2744,1207267,'Melvin Leno','Clark III',2),(2745,1207268,'Carvon','Futrell',2),(2746,1207269,'Brandon','Jelkes',2),(2747,1207270,'Micah','Moch',2),(2748,1207271,'Hanniyah','Muhammad',1),(2749,1207272,'Christopher','Nolen',2),(2750,1207273,'Christa','Oliver',1),(2751,1207274,'April Marie','Thomas',1),(2752,1207275,'Bravita','Threatt',1),(2753,1207276,'Colin','Bleasdale',2),(2754,107969,'Mike','Bodnar',2),(2755,1207278,'Matt','Clayton',2),(2756,147898,'Nicole','Dionne',1),(2757,1207280,'Jamie','Harrison',2),(2758,1207281,'Allan','Henry',2),(2759,1207282,'Anthony','Ingruber',2),(2760,1207283,'Ashley','Jeffery',1),(2761,98216,'Dean','Knowsley',2),(2762,1201399,'Joseph','Mika-Hunt',2),(2763,236696,'Terry','Notary',2),(2764,1207287,'Kai','Pantano',2),(2765,1207288,'Logan','Pithyou',2),(2766,1207289,'Stuart','Pollock',2),(2767,584868,'Raja','',1),(2768,1207290,'Gareth','Ruck',2),(2769,1062463,'Rhian','Sheehan',2),(2770,60656,'T.J.','Storm',2),(2771,1207291,'Jodie','Taylor',1),(2772,1186027,'Alicia','Vela-Bailey',1),(2773,1207292,'Richard','Whiteside',2),(2774,103259,'Nikie','Zambo',1),(2775,44953,'Stephen','Ambrose',2),(2776,4590,'Russ','Meyer',2),(2777,8500,'John','Ford',2),(2778,1246,'Emily','Mortimer',1),(2779,1812,'Michelle','Williams',1),(2780,17183,'Jackie','Earle Haley',2),(2781,15854,'Ted','Levine',2),(2782,3911,'John','Carroll Lynch',2),(2783,11902,'Robin','Bartlett',1),(2784,61510,'Christopher','Denham',2),(2785,4012,'Spencer  Treat','Clark',2),(2786,82631,'Joseph','Sikora',2),(2787,2254,'Curtiss','Cook',2),(2788,141448,'Gary','Galone',2),(2789,1181562,'Raymond Anthony','Thomas',2),(2790,141458,'Joseph','McKenna',2),(2791,1218228,'Ruby','Jerins',1),(2792,50588,'Bates','Wilder',2),(2793,1455792,'Drew','Beasley',2),(2794,1588593,'Dan','Marshall',2),(2795,27727,'Marissa','Ribisi',1),(2796,23958,'Jeremy','Sisto',2),(2797,35468,'Amber','Benson',1),(2798,83188,'Scott','Bloom',2),(2799,16666,'Kevin','Connolly',2),(2800,91415,'Jenny','Lewis',1),(2801,22248,'Heather','McComb',1),(2802,76760,'Meadow','Sisto',1),(2803,68091,'Cleavon','Little',2),(2804,41220,'James','Coco',2),(2805,4970,'Ruth','Gordon',1),(2806,9599,'Cloris','Leachman',1),(2807,7505,'Roddy','McDowall',2),(2808,6599,'Robert','Morley',2),(2809,58661,'Richard','Mulligan',2),(2810,40206,'Tony','Randall',2),(2811,58264,'Dirk','Benedict',2),(2812,52304,'Stephen','Furst',2),(2813,15416,'Richard','Masur',2),(2814,1905,'Vincent','Price',2),(2815,7470,'Meat','Loaf',2),(2816,30051,'Willie','Aames',2),(2817,14105,'Stephanie','Faracy',1),(2818,100624,'Avery','Schreiber',2),(2819,1096415,'Emily','Hahn',1),(2820,59357,'Teddy','Newton',2),(2821,109869,'Kristen','Schaal',1),(2822,7918,'Bud','Luckey',2),(2823,97051,'Beatrice','Miller',1),(2824,10669,'Timothy','Dalton',2),(2825,24358,'Lori','Alan',1),(2826,60074,'Jeff','Garlin',2),(2827,167295,'John','Cygan',2),(2828,157626,'Jan','Rabson',2),(2829,1381777,'Jack','Willis',2),(2830,59784,'Carlos','Alazraqui',2),(2831,117081,'Teresa','Ganzel',1),(2832,84495,'Jess','Harnell',2),(2833,52699,'Danny','Mann',2),(2834,1212864,'Colleen','O\'Shaughnessey',1),(2835,10,'Bob','Peterson',2),(2836,7960,'Jerome','Ranft',2),(2837,1443485,'Colette','Whitaker',1),(2838,86007,'Jim','Ward',2),(2839,1270475,'James','Alley Jr.',2),(2840,1270476,'Roderick','Bain',2),(2841,24045,'Joseph','Gordon-Levitt',2),(2842,27578,'Ellen','Page',1),(2843,2524,'Tom','Hardy',2),(2844,3899,'Ken','Watanabe',2),(2845,2037,'Cillian','Murphy',2),(2846,8293,'Marion','Cotillard',1),(2847,3895,'Michael','Caine',2),(2848,13022,'Tom','Berenger',2),(2849,526,'Lukas','Haas',2),(2850,66441,'Talulah','Riley',1),(2851,173212,'Tohoru','Masamune',2),(2852,967376,'Taylor','Geare',1),(2853,973135,'Claire','Geare',1),(2854,1677266,'Johnathan','Geare',2),(2855,56120,'Yuji','Okumoto',2),(2856,2246,'Earl','Cameron',2),(2857,1677267,'Ryan','Hayward',2),(2858,1334309,'Miranda','Nolan',1),(2859,535,'Russ','Fega',2),(2860,72864,'Tim','Kelleher',2),(2861,1677498,'Coralie','Dedykere',1),(2862,13695,'Silvie','Laguna',1),(2863,133257,'Virgile','Bramly',2),(2864,1677507,'Nicolas','Clerc',2),(2865,1536351,'Jean-Michel','Dagory',2),(2866,203087,'Marc','Raducci',2),(2867,976,'Jason','Statham',2),(2868,16644,'Dolph','Lundgren',2),(2869,21315,'Eric','Roberts',2),(2870,74748,'Randy','Couture',2),(2871,77120,'Steve','Austin',2),(2872,22821,'David','Zayas',2),(2873,99414,'Giselle','Itii',1),(2874,53256,'Terry','Crews',2),(2875,2295,'Mickey','Rourke',2),(2876,126502,'Charisma','Carpenter',1),(2877,131772,'Amin','Joseph',2),(2878,115840,'Senyo','Amoaku',1),(2879,9437,'Hank','Amos',1),(2880,78815,'Antonio Rodrigo','Nogueira',2),(2881,131773,'Sassa','Nacimento',1),(2882,14771,'R.A.','Rondell',2),(2883,131774,'Tze','Yep',2),(2884,68559,'Gary','Daniels',2),(2885,1336,'Jet','Li',2),(2886,825,'Stacy','Keach',2),(2887,7087,'Brad','Bird',2),(2888,15811,'John','Musker',2),(2889,15810,'Ron','Clements',2),(2890,12890,'Pete','Docter',2),(2891,12897,'Steve','Jobs',2),(2892,1,'George','Lucas',2),(2893,64,'Gary','Oldman',2),(2894,21029,'Billy','Burke',2),(2895,79795,'Shiloh','Fernandez',2),(2896,232396,'Max','Irons',2),(2897,12519,'Virginia','Madsen',1),(2898,941988,'Shauna','Kain',1),(2899,164114,'Michael','Hogan',2),(2900,33348,'Adrian','Holmes',2),(2901,11830,'Cole','Heppell',2),(2902,189719,'Christine','Willes',1),(2903,26086,'Michael','Shanks',2),(2904,1038625,'Kacey','Rohl',1),(2905,223126,'Megan','Charpentier',1),(2906,1576977,'D.J.','Greenburg',2),(2907,202156,'Carmen','Lavigne',1),(2908,56749,'Don','Thompson',2),(2909,210348,'Matt','Ward',2),(2910,1791247,'Jen','Halley',1),(2911,1475092,'Jordan','Becker',2),(2912,2230,'Pam','Grier',1),(2913,40036,'Taraji','Henson',1),(2914,204588,'Sarah','Mahoney',1),(2915,98292,'Roxana','Ortega',1),(2916,17838,'Rami','Malek',2),(2917,18975,'Wilmer','Valderrama',2),(2918,1216606,'Gugu','Mbatha-Raw',1),(2919,504787,'Grace','Gummer',1),(2920,85759,'Maria','Canals-Barrera',1),(2921,79082,'Randall','Park',2),(2922,30614,'Ryan','Gosling',2),(2923,38940,'Evan Rachel','Wood',1),(2924,3141,'Marisa','Tomei',1),(2925,2978,'Max','Minghella',2),(2926,49971,'Jennifer','Ehle',1),(2927,21142,'Gregory','Itzin',2),(2928,91030,'Michael','Mantell',2),(2929,150672,'Yuriy','Sardarov',2),(2930,972921,'Bella','Ivory',1),(2931,972922,'Maya','Sayre',2),(2932,146413,'Danny','Mooney',2),(2933,1741959,'John','Manfredi',2),(2934,1023322,'Robert','Mervak',2),(2935,1741964,'Fabio','Polanco',2),(2936,1708423,'Frank','Jones Jr.',2),(2937,1741966,'Peter','Harpen',2),(2938,27690,'Rohn','Thomas',2),(2939,932326,'David','McConnell',2),(2940,1741971,'Mark','Stacey White',2),(2941,1741972,'Lauren','Wainwright',2),(2942,1741976,'Kris','Reilly',2),(2943,1395050,'Michael','Ellison',2),(2944,1741978,'Hayley','Meyers',1),(2945,1741979,'Leslie','McCurdy',1),(2946,1087552,'Robert','Braun',2),(2947,451844,'Rachel','Maddow',1),(2948,70177,'Charlie','Rose',2),(2949,1741982,'Deb','Dixon',1),(2950,1741983,'Neal Anthony','Rubin',2),(2951,76687,'Loretta','Higgins',1),(2952,1741986,'Joe','Dinda',2),(2953,1741987,'John','Repulski',2),(2954,1741990,'Cherie','Bowman',1),(2955,1741991,'Chyla','Anderson',1),(2956,1741992,'Maxi','Anderson',1),(2957,1741993,'Nelson','Beato',2),(2958,1741998,'Johnny','Britt',2),(2959,559475,'Alvin','Chea',2),(2960,169378,'Carmen','Carter',2),(2961,1742003,'Christopher','Carter',2),(2962,1742004,'Carmel','Echols',1),(2963,1742005,'Clydene','Jackson',1),(2964,109802,'Amy','Keys',1),(2965,562709,'Lori','Perry',1),(2966,1725025,'Josef','Powell',2),(2967,564888,'Lamont','Van Hook',2),(2968,1742006,'John','West',2),(2969,1742007,'Will','Wheaton',2),(2970,1310314,'Nita','Whitaker',1),(2971,52419,'Josh','Hamilton',2),(2972,25879,'Geoff','Pierson',2),(2973,53807,'Armie','Hammer',2),(2974,3489,'Naomi','Watts',1),(2975,113231,'Gunner','Wright',2),(2976,481337,'Kaitlyn','Dever',1),(2977,1023139,'Adam','Driver',2),(2978,21662,'Ed','Westwick',2),(2979,14984,'Jessica','Hecht',1),(2980,6164,'Josh','Lucas',1),(2981,20212,'Dermot','Mulroney',2),(2982,1063,'Lea','Thompson',1),(2983,1258702,'Sadie','Calvano',1),(2984,65871,'Amanda','Schull',1),(2985,155457,'Roberta','Bassin',1),(2986,112742,'Emily','Alyn Lind',1),(2987,929136,'Thomas','Horn',2),(2988,18277,'Sandra','Bullock',1),(2989,19492,'Viola','Davis',1),(2990,937681,'Zoe','Caldwell',1),(2991,91756,'Hazelle','Goodman',1),(2992,94432,'Adrian','Martinez',2),(2993,196179,'Stephen','Henderson',2),(2994,928297,'Dennis','Hearn',2),(2995,171567,'Paul','Klementowicz',2),(2996,928929,'Julian','Tepper',2),(2997,928930,'Caleb','Reynolds',2),(2998,1292449,'Gregory','Korostishevsky',2),(2999,56685,'Brooke','Bloom',1),(3000,1209879,'Jenson','Smith',1),(3001,204651,'Stephanie','Kurtzuba',1),(3002,1232487,'Malachi','Weir',2),(3003,1601831,'Lorna','Guity Pruce',1),(3004,51576,'Chuck','Norris',2),(3005,78110,'Scott','Adkins',2),(3006,96066,'Liam','Hemsworth',2),(3007,934869,'Nikolette','Noel',1),(3008,27084,'Nan','Yu',1),(3009,46128,'Amanda','Ooms',1),(3010,67246,'George','Zlatarev',2),(3011,21127,'Bobby','Cannavale',2),(3012,2231,'Samuel','L. Jackson',2),(3013,3265,'Eli','Wallach',2),(3014,1811659,'Katharine','Phillips',1),(3015,55257,'Adam','Arkin',2),(3016,84422,'Carolyn','McCormick',1),(3017,1811661,'Paul','Fussell',2),(3018,1811662,'Quentin','Aanenson',2),(3019,1811663,'Sascha','Weinzheimer',1),(3020,1811664,'Olga','Ciarlo',1),(3021,1811665,'Robert','Kashiwagi',2),(3022,1811666,'Anne','DeVico',1),(3023,1811667,'Joe','Crow',2),(3024,4587,'Halle','Berry',1),(3025,1331,'Hugo','Weaving',2),(3026,38941,'Jim','Sturgess',2),(3027,21688,'Bae','Doona',1),(3028,17064,'Ben','Whishaw',2),(3029,19655,'James','D\'Arcy',2),(3030,71057,'Zhou','Xun',1),(3031,55411,'David','Gyasi',2),(3032,49056,'Martin','Wuttke',2),(3033,1077356,'Zhu','Zhu',2),(3034,1118058,'Robin','Morrissey',2),(3035,1336199,'Brody Nicholas','Lee',2),(3036,108620,'Amanda','Walker',1),(3037,1323238,'Raevan Lee','Hanan',1),(3038,10744,'Getz','Otto',2),(3039,972117,'Mya-Lecia','Naylor',1),(3040,122648,'Niall Grieg','Fulton',2),(3041,1084849,'Louis','Dempsey',2),(3042,1336202,'Martin','Docherty',2),(3043,56100,'Alistair','Petrie',2),(3044,65448,'Sylvestra','Le Touzel',1),(3045,176191,'Andrew','Havill',2),(3046,987260,'Shaun','Lawton',2),(3047,1434242,'Victor','Soli',2),(3048,10713,'Eric','Idle',2),(3049,70624,'Neil','Innes',2),(3050,80484,'Ricky','Fataar',2),(3051,80483,'John','Halsey',2),(3052,7487,'David','Bowie',2),(3053,9188,'Billy','Connolly',2),(3054,51860,'Jewel','',1),(3055,5342,'Mike','Nichols',2),(3056,9147,'Salman','Rushdie',2),(3057,52865,'Garry','Shandling',2),(3058,109576,'April','Adams',1),(3059,109577,'Clint','Black',2),(3060,11669,'Jimmy','Fallon',2),(3061,109578,'Graham','Nash',2),(3062,58478,'Kevin','Nealon',2),(3063,82270,'Bonnie','Raitt',1),(3064,57124,'David A.','Stewart',2),(3065,97351,'James','Taylor',2),(3066,109579,'Jann','Wenner',1),(3067,120560,'Jim','Piddock',2),(3068,67773,'Steve','Martin',2),(3069,27319,'Christoph','Waltz',2),(3070,11703,'Kerry','Washington',1),(3071,27740,'Walton','Goggins',2),(3072,27770,'Dennis','Christopher',2),(3073,1067187,'David','Steen',2),(3074,1133063,'Dana','Gourrier',1),(3075,1037108,'Nichole','Galicia',1),(3076,565498,'Laura','Cayouette',1),(3077,19300,'Sammi','Rotibi',2),(3078,1291797,'Clay','Donahue Fontenot',2),(3079,1129647,'Escalante','Lundy',2),(3080,1291798,'Miriam','Glover',1),(3081,25129,'Don','Johnson',2),(3082,22383,'Franco','Nero',2),(3083,785,'James','Russo',2),(3084,114293,'Tom','Wopat',2),(3085,69494,'Don','Stroud',2),(3086,6725,'Russ','Tamblyn',2),(3087,20354,'Amber','Tamblyn',1),(3088,22132,'M.C.','Gainey',2),(3089,156653,'Cooper','Huckabee',2),(3090,139993,'Doc','Duhame',2),(3091,47859,'Lee','Horsley',2),(3092,20494,'Zoe','Bell',1),(3093,2234,'Michael','Bowen',2),(3094,62036,'Robert','Carradine',2),(3095,1206190,'Jake','Garber',2),(3096,72739,'Ted','Neeley',2),(3097,87312,'James','Parks',2),(3098,11161,'Tom','Savini',2),(3099,2536,'Michael','Parks',2),(3100,45210,'John','Jarratt',2),(3101,138,'Quentin','Tarantino',2),(3102,239107,'Amari','Cheatom',2),(3103,1198202,'Keith','Jefferson',2),(3104,1291961,'Marcus','Henderson',2),(3105,1200963,'Lil','Chuuch',2),(3106,148693,'Kinetic','',2),(3107,95979,'Louise','Stratten',1),(3108,5150,'Kim','Robillard',2),(3109,756648,'Shana','Stein',1),(3110,562669,'Shannon','Hazlett',1),(3111,1116951,'Jack','Lucarelli',2),(3112,547,'Victoria','Thomas',1),(3113,1551615,'Grace','Collins',1),(3114,1446043,'Sharon','Pierre-Louis',1),(3115,1173099,'Christopher','Berry',2),(3116,1044195,'Kim','Collins',1),(3117,60874,'Dane','Rhodes',2),(3118,129868,'J.D.','Evermore',2),(3119,16937,'Rex','Linn',2),(3120,58744,'Michael','Bacall',2),(3121,1291965,'Ronan','Hice',2),(3122,2141,'Ned','Bellamy',2),(3123,1291968,'Dave','Coennen',2),(3124,1424334,'Daniele','Watts',1),(3125,231857,'Jon','Eyez',2),(3126,59844,'Omar','Dorsey',2),(3127,3493,'Evan','Parke',2),(3128,183519,'Craig','Stark',2),(3129,1204219,'Brian','Brown',2),(3130,1292475,'Nicholas','Dashnaw',2),(3131,65121,'Jarrod','Bunch',2),(3132,1493736,'Kerry','Sims',2),(3133,21484,'Todd','Allen',2),(3134,36041,'Lewis','Smith',2),(3135,1551617,'Keniaryn','Mitchell',1),(3136,1292476,'Jakel','Marshall',2),(3137,1292477,'Carl','Singleton',2),(3138,1551618,'Ashley','Toman',1),(3139,1516962,'Mark','Amos',2),(3140,1292478,'Monica Renee','Anderson',1),(3141,187946,'Marsha','Blake',1),(3142,75491,'Catherine','Lambert',1),(3143,1292479,'Deborah','Ayorinde',1),(3144,1292483,'Takara','Clark',1),(3145,1292489,'Kimberley','Drummond',1),(3146,1292493,'Tenaj L.','Jackson',1),(3147,1170892,'Carl','Bailey',2),(3148,1292485,'Ross','Cook',2),(3149,1292491,'Gregory Allen','Gabroy',2),(3150,1601433,'Gene Kevin','Hames Jr.',2),(3151,1292480,'Seth','Bailey',2),(3152,1512188,'David','Baker',2),(3153,1292495,'Richie','Ladner',2),(3154,1037373,'Glen','Warner',2),(3155,1292481,'Kesha','Bullard',1),(3156,1292482,'Edward','Clare',2),(3157,1292486,'Jordon Michael','Corbin',2),(3158,1292487,'Mike','DeMille',2),(3159,1292488,'Santana','Draper',1),(3160,68180,'Gary','Grubbs',2),(3161,1292492,'Justin','Hall',2),(3162,1601439,'Jacquelyn','Jackson',1),(3163,1292490,'Sandra','Linz',1),(3164,1292494,'Kasey','James',1),(3165,1292496,'Skipper','Landry',2),(3166,1011212,'Elton','LeBlanc',2),(3167,1589685,'Cindy','Mah',1),(3168,1601441,'Johnny','Otto',2),(3169,1485552,'Belinda','Owino',1),(3170,1265833,'Erin','Pickett',1),(3171,1547309,'Mark','Ulano',2),(3172,64136,'Misty','Upham',1),(3173,112286,'Edrick','Browne',2),(3174,36662,'Carey','Mulligan',1),(3175,33192,'Joel','Edgerton',2),(3176,1133349,'Elizabeth','Debicki',1),(3177,52848,'Isla','Fisher',1),(3178,76512,'Jason','Clarke',2),(3179,35780,'Amitabh','Bachchan',2),(3180,236851,'Callan','McAuliffe',2),(3181,205474,'Adelaide','Clemens',1),(3182,45211,'Steve','Bisley',2),(3183,44838,'Richard','Carter',2),(3184,38665,'Max','Cullen',2),(3185,1272936,'Mal','Day',2),(3186,1272937,'Charlize','Skinner',1),(3187,1272942,'Brendan','Maclean',2),(3188,123884,'Kate','Mulvany',1),(3189,1433766,'Kahlia','Greksa',1),(3190,1272938,'Garrett William','Fountan',2),(3191,1272939,'David','Furlong',2),(3192,1272940,'Daniel','Gill',2),(3193,1272941,'Iota','',2),(3194,150536,'Barry','Otto',2),(3195,1243767,'John','O\'Connell',2),(3196,61342,'Ben','McIvor',2),(3197,214545,'Brian','Roony',2),(3198,55901,'Gemma','Ward',1),(3199,61784,'Goran','Kleut',2),(3200,1889000,'Denning','Isles',2),(3201,1102453,'Ryan','Cooper',2),(3202,57755,'Woody','Harrelson',2),(3203,9880,'Sam','Shepard',2),(3204,467645,'Boyd','Holbrook',2),(3205,19453,'Tom','Bower',2),(3206,74595,'Gordon','Michaels',2),(3207,991960,'Jack','Erdie',2),(3208,1272901,'Efka','Kvaraciejus',1),(3209,104046,'Bingo','O\'Malley',2),(3210,1275451,'Nancy','Mosser',1),(3211,42824,'Carl','Ciarfalio',2),(3212,1672976,'Bobby','Wolfe',2),(3213,1400459,'Corey','Rieger',2),(3214,1672979,'Jason','Greear',2),(3215,1219514,'Tommy','Lafitte',2),(3216,1621147,'Georin','Aquila',2),(3217,1673003,'Matt','Baker',2),(3218,1673006,'Todd','Bobenrieth',2),(3219,1673008,'Ryan','Bogdewic',2),(3220,1543870,'Zachary','Bolen',2),(3221,1673013,'Lonell','Childred',2),(3222,1673014,'Carl','Clemons',2),(3223,1673015,'Julian','Curi',2),(3224,1673016,'Dicky','Eklund Jr.',2),(3225,1543874,'Joe','Fishel',2),(3226,1502323,'Vito','Grassi',2),(3227,1098036,'John','Iwanonkiw',2),(3228,127060,'William','Kania',2),(3229,193946,'Mark','Kubr',2),(3230,1480130,'Tiffany','Sander McKenzie',1),(3231,1673034,'Phil','Nardozzi',2),(3232,1673036,'James','Quinn',2),(3233,106147,'Brenna','Roth',1),(3234,1566267,'Aaron','Toney',2),(3235,59620,'Gemma','Arterton',1),(3236,12111,'Justin','Timberlake',2),(3237,53650,'Anthony','Mackie',2),(3238,82167,'David','Costabile',2),(3239,6183,'Michael','Esper',2),(3240,225694,'Oliver','Cooper',2),(3241,996296,'Christian','George',2),(3242,75604,'Yul','Vazquez',2),(3243,200446,'James','Molina',2),(3244,3218,'Louis','Lombardi',2),(3245,1097967,'Sam','Palladio',2),(3246,222121,'Ben','Schwartz',2),(3247,1030512,'Dayo','Okeniyi',2),(3248,1611780,'Laura','Aleman',1),(3249,1614471,'Sam','Upton',2),(3250,1376110,'Hugh','Scott',2),(3251,29222,'Zac','Efron',2),(3252,879,'Billy Bob','Thornton',2),(3253,17402,'Ron','Livingston',2),(3254,11824,'Tom','Welling',2),(3255,4726,'Marcia','Harden',1),(3256,67837,'Jacki','Weaver',1),(3257,45407,'Mark','Duplass',2),(3258,6575,'Gil','Bellows',2),(3259,26970,'Matt','Barr',2),(3260,1150339,'Mallory','Moye',1),(3261,74577,'Bitsie','Tulloch',1),(3262,20496,'Jason','Douglas',2),(3263,1094672,'Larry','Dotson',2),(3264,6069,'Austin','Nichols',2),(3265,56357,'Jonathan','Breck',2),(3266,510488,'Nico','Evers-Swindell',2),(3267,1388928,'Irene','White',1),(3268,201838,'Luci','Christian',1),(3269,1691838,'Kat','Steffens',1),(3270,1691862,'Sean','McGraw',2),(3271,163591,'Brett','Stimely',2),(3272,167564,'Paul','Sparks',2),(3273,1129413,'Samuel','Davis',2),(3274,579434,'Arthur','Simone',2),(3275,133950,'Matthew','Tompkins',2),(3276,134000,'Gary','Clarke',2),(3277,32242,'Chamblee','Ferguson',2),(3278,180422,'Bryan','Batt',2),(3279,1329473,'Ellen','Halper',1),(3280,234948,'Chris','Freihofer',2),(3281,1691870,'Rob','Gallavan',2),(3282,149590,'Robert','Catrini',2),(3283,571485,'Chuck','Huber',2),(3284,51792,'Rory','Cochrane',2),(3285,77859,'Richard','Dillard',2),(3286,525243,'Richard','Jackson',2),(3287,211742,'Drew','Waters',2),(3288,1279815,'Walt','Roberts',2),(3289,239271,'Jeremy','Strong',2),(3290,58866,'Dana','Wheeler-Nicholson',1),(3291,938003,'Jeffrey','Schmidt',2),(3292,12797,'Glenn','Morshower',2),(3293,1239,'Jimmie','Gilmore',2),(3294,1316845,'Ryan','Lee',2),(3295,1691883,'Reynolds','Washam',2),(3296,15824,'Chris','Mulkey',2),(3297,17199,'Corey','Johnson',2),(3298,37204,'David','Warshofsky',2),(3299,37154,'John','Magaro',2),(3300,87070,'Michael','Chernus',2),(3301,1261694,'Barkhad','Abdi',2),(3302,1266858,'Faysal','Ahmed',2),(3303,1266859,'Barkhad','Abdirahman',2),(3304,1266862,'Mahat','Ali',2),(3305,58475,'Angus','MacInnes',2),(3306,203541,'San','Shella',2),(3307,1323776,'Amr','El-Bayoumi',2),(3308,1334464,'Azeez','Mohammed',2),(3309,8767,'Jim','Caviezel',2),(3310,980,'Vinnie','Jones',2),(3311,62644,'50','Cent',2),(3312,4783,'Sam','Neill',2),(3313,575674,'Christian','Stokes',2),(3314,1042684,'Lydia','Hull',1),(3315,578736,'David','Martinez',2),(3316,147056,'Caitriona','Balfe',1),(3317,39388,'Amy','Ryan',1),(3318,57452,'Faran','Tahir',2),(3319,1181295,'Steven','Krueger',2),(3320,1181296,'Jaylen','Moore',2),(3321,565508,'James','Rawlings',2),(3322,1381389,'Alec','Rayme',2),(3323,40684,'David','Leitch',2),(3324,1381388,'Brian','Oerly',2),(3325,1358061,'Christopher','Cook',2),(3326,1158069,'John','Armijo',2),(3327,186922,'Tim','Bell',2),(3328,6110,'Graham','Beckel',2),(3329,1042685,'Stephen','Warren',2),(3330,1503890,'Rodney','Feaster',2),(3331,1463687,'Eric','Salas',2),(3332,1503891,'Dieter','Rauter',2),(3333,1503892,'Stephen','Livaudais',2),(3334,237345,'Jay','Amor',2),(3335,1268072,'Joseph','Aviel',2),(3336,1503893,'Rex','Baker',2),(3337,1391332,'Joseph','Blackstone',2),(3338,1134660,'Johnnie','Brannon',2),(3339,72466,'Colin','Farrell',2),(3340,47720,'Ruth','Wilson',1),(3341,17881,'Jason','Schwartzman',2),(3342,1278755,'Annie','Buckley',1),(3343,107770,'B.J.','Novak',2),(3344,1907,'Kathy','Baker',1),(3345,1278758,'Lily','Bigham',1),(3346,1212273,'Melanie','Paxson',1),(3347,78962,'Andy','McPhee',2),(3348,3052,'Rachel','Griffiths',1),(3349,20523,'Ronan','Vibert',2),(3350,1585263,'Fuschia','Sumner',1),(3351,1235414,'David','Paterson',2),(3352,1504950,'Laura','Waddell',1),(3353,20215,'Billy','Campbell',2),(3354,1172937,'Regen','Wilson',1),(3355,1015948,'Jesse','Johnson',2),(3356,16502,'Geraldine','Hughes',1),(3357,1181302,'Brett','Dalton',2),(3358,62761,'Shawn','Pyfrom',2),(3359,1170300,'Kam','Dabrowski',1),(3360,27687,'Shane','Callahan',2),(3361,1729511,'Sarah','Bella',1),(3362,1729512,'Andrew','Collie',2),(3363,157961,'Michael','Goodwin',2),(3364,1331112,'Samuel','Hunt',2),(3365,1473947,'Mark','Scarboro',2),(3366,1729514,'Audra','Honaker',1),(3367,1729515,'Mike','Marunde',2),(3368,1388471,'Nick','Williams',2),(3369,169044,'Johnathan','Tchaikovsky',2),(3370,1729708,'David','Leehy',2),(3371,1054306,'Jaiden','Kaine',2),(3372,8328,'John','Milius',2),(3373,488,'Steven','Spielberg',2),(3374,1776,'Francis','Ford Coppola',2),(3375,24,'Robert','Zemeckis',2),(3376,9032,'Bryan','Singer',2),(3377,3037,'Richard','Dreyfuss',2),(3378,190,'Clint','Eastwood',2),(3379,10952,'Lorenzo','di Bonaventura',2),(3380,16431,'Sam','Elliott',2),(3381,2884,'Darren','Dalton',2),(3382,71766,'Peter','Bart',2),(3383,1058,'Bob','Gale',2),(3384,3267,'George','Hamilton',2),(3385,489,'Kathleen','Kennedy',1),(3386,638,'Michael','Mann',2),(3387,18977,'Ed','O\'Neill',2),(3388,1035,'Paul','Schrader',2),(3389,6952,'Charlie','Sheen',2),(3390,71521,'Chuck','Zito',2),(3391,4611,'Mace','Neufeld',2),(3392,3,'Harrison','Ford',2),(3393,175826,'Mireille','Enos',1),(3394,20580,'Joe','Manganiello',2),(3395,142636,'Josh','Holloway',2),(3396,18288,'Terrence','Howard',2),(3397,11616,'Olivia','Williams',1),(3398,1345133,'Kevin','Vance',2),(3399,1345134,'Mark','Schlegel',2),(3400,48530,'Maurice','Compte',2),(3401,1691470,'Ned','Yousef',2),(3402,42993,'Martin','Donovan',2),(3403,53249,'Michael','Monks',2),(3404,1711678,'Nick','Chacon',2),(3405,86938,'Tim','Ware',2),(3406,1355461,'B.J.','Winfrey',2),(3407,1230922,'Kendrick','Cross',2),(3408,1373047,'Hakim','Callender',2),(3409,31711,'Troy','Garity',2),(3410,1683086,'Morgan','Alexandria',1),(3411,1711690,'Jermaine','Holt',2),(3412,1138844,'Jaime','FitzSimons',2),(3413,969413,'Everton','Lawrence',2),(3414,112546,'Neko','Parham',2),(3415,1711693,'DeWayne','Calhoun',2),(3416,1383527,'Maia','Moss-Fife',1),(3417,1382739,'Parisa','Johnston',1),(3418,1711695,'Alan','Gilmer',2),(3419,1711696,'Emily','Torres',1),(3420,112562,'Catherine','Dyer',1),(3421,145323,'Patrick','Johnson',2),(3422,1711699,'Jose','Vasquez',2),(3423,18300,'Eddie','Fernandez',2),(3424,1711763,'Adrian','Gonzalez',2),(3425,1711764,'Jared','Woods',2),(3426,76796,'Antony','Matos',2),(3427,1635196,'Laurence','Chavez',2),(3428,1711856,'Maya','Santandrea',1),(3429,1711858,'Travis','Young',2),(3430,1711863,'Terry','Gragg',2),(3431,1711870,'Paul','Barreras',2),(3432,155965,'Amy','Parrish',1),(3433,1378150,'Elizabeth','Davidovich',1),(3434,1711879,'Andrew','Comrie-Picard',2),(3435,1711881,'Andrew','Fincher',2),(3436,584028,'Mario','Ramirez Reyes',2),(3437,1711884,'Michelle','Martins',1),(3438,1083536,'Melissa','Martinez',1),(3439,4606,'Jimmy','Ortega',2),(3440,1711885,'Sabrina','LeBrun',1),(3441,945491,'Luis','Moncada',2),(3442,1311388,'Chris','Delfosse',2),(3443,1711886,'Carlos','Ayala',2),(3444,1371007,'Daniel','Moncada',2),(3445,64856,'Michael','White',2),(3446,1295353,'Phil','Heath',2),(3447,1448783,'Kai','Greene',2),(3448,6485,'Busta','Rhymes',2),(3449,83271,'Glen','Powell',2),(3450,1347239,'Victor','Ortiz',2),(3451,997887,'Ronda','Rousey',1),(3452,34502,'Kellan','Lutz',2),(3453,1409017,'Ivan','Kostadinov',2),(3454,1409123,'Nikolay','Stoyanov Ilchev',2),(3455,1409132,'Daniel','Angelov',2),(3456,90116,'Slavi','Slavov',2),(3457,1350263,'Dimiter','Doichinov',2),(3458,559369,'Nikolay','Stanoev',2),(3459,131101,'Harry','Anichkin',2),(3460,1409157,'Boswell','Maloka',2),(3461,1317159,'Natalie','Burn',1),(3462,22018,'Velizar','Binev',2),(3463,206024,'Sarai','Givaty',1),(3464,1409178,'Liubomir','Simeonov',2),(3465,101615,'Frank','Pesce',2),(3466,1409187,'Thomas','Canestraro',2),(3467,8071,'Axel','Geddes',2),(3468,7929,'Angus','MacLane',2),(3469,1117790,'Javier','Fernandez Pena',2),(3470,1190917,'Zoe','Levin',1),(3471,78317,'Bob','Bergen',2),(3472,84496,'Josh','Cooley',2),(3473,1539104,'Emily','Forbes',1),(3474,1539107,'Kitt','Hirasaki',1),(3475,1269763,'G.D.','Spradlin',2),(3476,34735,'Loni','Anderson',1),(3477,160970,'Ray','Buktenica',2),(3478,99885,'Kathleen','Lloyd',1),(3479,1211877,'Dave','Shelley',2),(3480,40403,'Dyan','Cannon',1),(3481,10823,'Kris','Kristofferson',2),(3482,6487,'Richard','Roundtree',2),(3483,170950,'Kelly','Cinnante',1),(3484,106531,'Gene','Lythgow',2),(3485,3910,'Frances','McDormand',1),(3486,28633,'Richard','Jenkins',2),(3487,17487,'John','Gallagher Jr.',2),(3488,3064,'Peter','Mullan',2),(3489,14892,'Rosemarie','DeWitt',1),(3490,88124,'Jesse','Plemons',2),(3491,993774,'Rachel','Brosnahan',1),(3492,1367617,'Cory','Smith',2),(3493,55493,'Brady','Corbet',2),(3494,326,'Kim','Basinger',1),(3495,1328,'Sean','Astin',2),(3496,9205,'Denise','Richards',1),(3497,4301,'Angie','Dickinson',1),(3498,5170,'Mike','Starr',2),(3499,1212061,'Philip Charles','MacKenzie',2),(3500,24521,'David','Leisure',2),(3501,54644,'Joel','Zwick',2),(3502,23915,'Pat','Morita',2),(3503,117522,'Gil','McKinney',2),(3504,79228,'Roy','Costley',2),(3505,19754,'Tony','Cox',2),(3506,84494,'Donald','Fullilove',2),(3507,1092247,'Mark','Walsh',2),(3508,225986,'Lori','Richardson',1),(3509,206777,'Andy','Fischer-Price',2),(3510,111466,'Mona','Marshall',1),(3511,91776,'Alec','Medlock',2),(3512,1013165,'Jessika','Van',1),(3513,131782,'Crawford','Wilson',2),(3514,9013,'Kevin','McKidd',2),(3515,1223786,'Emilia','Clarke',1),(3516,224181,'Jai','Courtney',2),(3517,136532,'Matt','Smith',2),(3518,24047,'Courtney','Vance',2),(3519,25002,'Lee','Byung-hun',2),(3520,55596,'Michael','Gladis',2),(3521,65345,'Sandrine','Holt',1),(3522,1023458,'Wayne','Bastrup',2),(3523,37937,'Gregory','Williams',2),(3524,59739,'Otto','Sanchez',2),(3525,1451160,'Matty','Ferraro',2),(3526,76021,'Griff','Furst',2),(3527,1394617,'Aaron','Williamson',2),(3528,1181558,'Seth','Meriwether',2),(3529,565501,'Teri','Wyble',1),(3530,1049830,'Kerry','Cahill',1),(3531,304845,'Mark','Adam',2),(3532,100567,'Kerry','O\'Malley',1),(3533,1576250,'Willa','Taylor',1),(3534,177403,'James','Black',2),(3535,1576251,'Terry','Parks',2),(3536,60077,'Douglas','Smith',2),(3537,1411679,'Anthony','Frederick',2),(3538,203390,'Brandon','Stacy',2),(3539,1358087,'Brett','Azar',2),(3540,60881,'Douglas','Griffin',2),(3541,1810485,'Ernest','Wells',2),(3542,566331,'Oona','Chaplin',1),(3543,1895788,'Trinity','Bliss',1),(3544,1663672,'Britain','Dalton',2),(3545,1729393,'Jamie','Flatters',2),(3546,1895760,'Jack','Champion',2),(3547,1632658,'Filip','Geljo',2),(3548,1615098,'Duane','Evans Jr',2),(3549,1896363,'Bailey','Bass',1),(3550,288,'Jon','Seda',2),(3551,225,'Ashton','Holmes',2),(3552,19498,'Jon','Bernthal',2),(3553,54414,'Jacob','Pitts',2),(3554,32205,'Brendan','Fletcher',2),(3555,31383,'Caroline','Dhavernas',1),(3556,24291,'Annie','Parisse',1),(3557,30084,'Anna','Torv',1),(3558,114843,'Claire','van der Boom',1),(3559,103554,'Isabel','Lucas',1),(3560,13525,'Matt','Craven',2),(3561,80352,'Noel','Fisher',2),(3562,127048,'Nate','Corddry',2),(3563,5657,'Anjelica','Huston',1),(3564,516,'Annette','Bening',1),(3565,9560,'Ellen','Burstyn',1),(3566,38225,'Cher','',1),(3567,1121,'Benicio','del Toro',2),(3568,6352,'Jane','Fonda',1),(3569,15565,'Jennifer','Hudson',1),(3570,66776,'Liza','Minnelli',1),(3571,15735,'Helen','Mirren',1),(3572,10127,'Jon','Voight',2),(3573,23968,'Phil','Robinson',2),(3574,17087,'Michael','Moore',2),(3575,492,'Janusz','Kamiski',2),(3576,670,'Ben','Burtt',2),(3577,406204,'Ve','Neill',1),(3578,9269,'Jeannine','Oppewall',1),(3579,17140,'Abigail','Breslin',1),(3580,20810,'Joely','Richardson',1),(3581,1485159,'Rachel','Groves',1),(3582,204845,'Jodie','Moore',1),(3583,1415436,'Bryce','Romero',2),(3584,1123886,'Raeden','Greer',2),(3585,1465051,'Aiden','Flowers',2),(3586,1797595,'Carson','Flowers',2),(3587,41338,'Walter','von Huene',2),(3588,283807,'Amy','Brassette',1),(3589,1269495,'David','Cole',2),(3590,931104,'Mattie','Liptak',2),(3591,1411664,'Liann','Pattison',1),(3592,1797599,'Maris','Black',1),(3593,1797600,'Jessy','Hughes',1),(3594,483255,'Denise','Williamson',1),(3595,1317688,'Taylor','Murphy',1),(3596,205287,'Colin','Walker',2),(3597,1456719,'Ashley','Hudson',1),(3598,1410428,'P.J.','Marshall',2),(3599,1096595,'Brett','Baker',2),(3600,93491,'Will','Poulter',2),(3601,93210,'Domhnall','Gleeson',2),(3602,220448,'Paul','Anderson',2),(3603,1126405,'Brad','Carter',2),(3604,7742,'Kristoffer','Joner',2),(3605,1099848,'Joshua','Burge',2),(3606,77315,'Robert','Moloney',2),(3607,1554188,'Grace','Dove',1),(3608,1388529,'Timothy','Lyle',2),(3609,1558276,'Kory','Grim',2),(3610,1560185,'Forrest','Goodluck',2),(3611,117428,'Duane','Howard',2),(3612,1839463,'Arthur','RedCloud',2),(3613,982065,'Vincent','Leclerc',2),(3614,123926,'Emmanuel','Bilodeau',2),(3615,10990,'Emma','Watson',1),(3616,236695,'John','Boyega',2),(3617,543261,'Karen','Gillan',1),(3618,931944,'Ellar','Coltrane',2),(3619,10872,'Patton','Oswalt',2),(3620,21104,'Glenne','Headly',1),(3621,428440,'Poorna','Jagannathan',1),(3622,1639848,'Mamoudou','Athie',2),(3623,203086,'Amir','Talai',2),(3624,129142,'Smith','Cho',1),(3625,88902,'Ellen','Wong',1),(3626,159657,'Judy','Reyes',1),(3627,95358,'Elvy','Yost',1),(3628,1676656,'Roger','Manning Jr.',2),(3629,61074,'Joey','Waronker',2),(3630,1804350,'Nick','Valensi',2),(3631,1804353,'Michael','Shuman',2),(3632,1101607,'Katie','Costick',1),(3633,1500122,'Regina','Saldivar',1),(3634,1034760,'Steven','Klein',2),(3635,1374151,'Hunter','Burke',2),(3636,23706,'Eve','Gordon',1),(3637,1761288,'Amie','Winn',1),(3638,1711169,'Lauren','Baldwin',1),(3639,1711170,'Nicola','Bertram',1),(3640,1804328,'Julian','von Nagel',2),(3641,176023,'Beck','',2),(3642,1647426,'Nick','Peine',2),(3643,1804255,'Michael','Russell Jr',2),(3644,1750930,'Jason','Sheridan',2),(3645,116467,'Drew','Droege',2),(3646,447244,'Jimmy','Wong',2),(3647,224351,'Sandeep','Parikh',2),(3648,1804283,'Mele','Ihara',2),(3649,1456676,'Andrew','Hwang',2),(3650,1804275,'Lizzie','Prestel',1),(3651,1804263,'Alana','Aimaq',1),(3652,1804265,'Daniel','Jordan',2),(3653,1804272,'Melanie','Steinmann',1),(3654,1216002,'Ken','Narasaki',2),(3655,76513,'Fred','Koehler',2),(3656,1669619,'Jedediah','Jenk',2),(3657,1601493,'Claudia','O\'Doherty',1),(3658,1383787,'Ara','Woland',2),(3659,1525749,'Brandon','Van Vliet',2),(3660,1737089,'Alan','Trujillo',2),(3661,1803708,'Derek','Sulek',2),(3662,1803713,'Jasper','Salon',2),(3663,1803714,'Parker','Russell',2),(3664,1803715,'Samir','Patel',2),(3665,1540119,'Afsheen','Olyaie',2),(3666,1803724,'James','O\'Connor',2),(3667,1803726,'Henry','Nolin',2),(3668,1803760,'Rob','Morris',2),(3669,1803770,'Dez','Mabunga',2),(3670,1803771,'Shandel','Love',1),(3671,57710,'Abraham','Lim',2),(3672,1555649,'Punnavith','Koy',2),(3673,1752969,'Slim','Khezri',2),(3674,1803799,'Stephen','Joseph',2),(3675,1626423,'Allyson','Jones',1),(3676,1803800,'Jenine','Giusto',1),(3677,1804244,'Lori','Crow',1),(3678,1804251,'Reverend','Atom',2),(3679,1605499,'Natalie','Aguilar',1),(3680,1804254,'Steven','Adkins',2),(3681,1744013,'Shaylin','Broady',1),(3682,1803707,'Matt','Van Beck',2),(3683,1803805,'Jennifer','Fernandez',1),(3684,1509622,'Paul','Edney',2),(3685,1467989,'Kelli','Barksdale',1),(3686,1828253,'Patrick','Russo',2),(3687,1803732,'Troy','Murray',2),(3688,1803702,'Johny','Walsh',1),(3689,124581,'Adam','Tiwari',2),(3690,40900,'Mark','Rylance',2),(3691,8197,'Sebastian','Koch',2),(3692,970216,'Austin','Stowell',2),(3693,141034,'Billy','Magnussen',2),(3694,1371012,'Michael','Hall',2),(3695,91453,'Edward','Hyland',2),(3696,79991,'Stephen','Kunken',2),(3697,205128,'Mike','Houston',2),(3698,167080,'James','Lorinz',2),(3699,1066138,'Michael','Power',2),(3700,1083807,'Joe','Starr',2),(3701,17817,'Merab','Ninidze',2),(3702,968746,'Greg','Nutcher',2),(3703,1475960,'Scott','Shepherd',2),(3704,17941,'Domenick','Lombardozzi',2),(3705,933271,'Eve','Hewson',1),(3706,1393177,'Noah','Schnapp',2),(3707,1576820,'Jillian','Lebling',1),(3708,19489,'Peter','McRobbie',2),(3709,34544,'Joshua','Harto',2),(3710,28345,'Mark','Zak',2),(3711,1526122,'Marko','Caka',2),(3712,1526123,'John','Ohkuma',2),(3713,3934,'Burghart','Klauaner',2),(3714,115876,'Mikhail','Gorevoy',2),(3715,28432,'Max','Mauff',2),(3716,171701,'Victor','Verhaeghe',2),(3717,1544395,'Mark','Fichera',2),(3718,77093,'Brian','Hutchison',2),(3719,43364,'Dakin','Matthews',2),(3720,1472780,'Joel','Brady',2),(3721,1320502,'Michael','Pemberton',2),(3722,1422662,'Wes','McGee',2),(3723,1576851,'Jim','Ferris',2),(3724,1576857,'Haley','Rawson',1),(3725,77264,'Ashlie','Atkinson',1),(3726,1422571,'Steven','Boyer',2),(3727,1218217,'John','Cox',2),(3728,1188239,'Will','Rogers',2),(3729,149126,'Daniela','Schulz',1),(3730,34353,'Nadja','Bobyleva',1),(3731,61016,'Joe','Forbrich',2),(3732,1405915,'Patricia','Squire',1),(3733,209503,'Henny','Russell',1),(3734,1600084,'Nolan','Lyons',2),(3735,1602044,'Hayley','Feinstein',1),(3736,928909,'Victoria','Leigh',1),(3737,1465283,'Jon','Donahue',2),(3738,48393,'Victor','Schefi',2),(3739,51651,'Joachim','Assblick',2),(3740,1309014,'Rainer','Reiners',2),(3741,176777,'Hamilton','Clancy',2),(3742,146367,'Tracy','Howe',1),(3743,1446471,'Paul','Letersky',2),(3744,1509064,'Michael','Gucciardo',2),(3745,1086352,'Rafael','Gareisen',2),(3746,1202712,'Peter','Conboy',2),(3747,1695767,'Ron','Komora',2),(3748,45953,'Michael','Schenk',2),(3749,21711,'Erika','Christensen',1),(3750,5374,'Jim','Parsons',2),(3751,17866,'Jon','Abrahams',2),(3752,98953,'Jerry','Ferrara',2),(3753,204679,'Emily','Wickersham',1),(3754,28410,'Jake','Busey',2),(3755,3039,'Bradley','Gregg',2),(3756,92843,'Darin','Heames',2),(3757,33677,'Sarah','Lassez',1),(3758,163869,'Robin','Swid',2),(3759,1278724,'Elena','Kampouris',1),(3760,34457,'Ian','Gomez',2),(3761,32600,'John','Stamos',2),(3762,934281,'Alex','Wolff',2),(3763,1639966,'Dave','Reachill',2),(3764,1639967,'Maxillian','Grimm',2),(3765,1462688,'Christopher','Lindsay',2),(3766,1639968,'Robert','Bellissimo',2),(3767,1503403,'Lauren','Saarimaki',1),(3768,1639974,'Constantine','Vardalos',2),(3769,1282746,'Jeff','White',2),(3770,1639975,'Julia','Gartha',1),(3771,1228304,'Maria','Vacratsis',1),(3772,1639976,'Chrissy','Paraskevopoulos',1),(3773,1481016,'Ashleigh','Rains',1),(3774,1639977,'Ethan','Pugiotto',2),(3775,1639978,'Theodore','Paraskevopoulos',2),(3776,1094134,'Kolton','Stewart',2),(3777,59195,'Kathryn','Haggis',1),(3778,1205726,'Alec','Stockwell',2),(3779,1423825,'Roger','Wong',2),(3780,185147,'Sam','Moses',2),(3781,1639981,'Aniela','Kurylo',1),(3782,1225938,'Teresa','Pavlinek',1),(3783,162747,'Kathryn','Greenwood',1),(3784,185100,'Tannis','Burnett',2),(3785,1639983,'Hershel','Blatt',2),(3786,1639984,'Harper','Gunn',1),(3787,1639985,'Peter','Tharos',2),(3788,9248,'Nora','Ephron',1),(3789,139135,'Lena','Dunham',1),(3790,368,'Reese','Witherspoon',1),(3791,83786,'Walter','Cronkite',2),(3792,548681,'David','Brinkley',2),(3793,95778,'Dan','Rather',2),(3794,1069237,'Chet','Huntley',2),(3795,73988,'Lyndon','Johnson',2),(3796,21111,'John','Kennedy',2),(3797,1236607,'John','Heilemann',2),(3798,1230125,'Robert','Dallek',2),(3799,1502915,'Frank','McGee',2),(3800,1402784,'Harry','Reasoner',2),(3801,20275,'Sarita','Choudhury',1),(3802,32683,'Sidse','Knudsen',1),(3803,558917,'Tracey','Fairaway',2),(3804,1242987,'David','Menkin',2),(3805,1604750,'Alexander','Black',2),(3806,158414,'Jane','Perry',1),(3807,1618271,'Amira','El Sayed',1),(3808,1612721,'Christy','Meyer',1),(3809,219506,'Khalid','Laith',2),(3810,201,'Michel','Gondry',2),(3811,2419,'Jean-Pierre','Jeunet',2),(3812,27436,'Costa-Gavras','',2),(3813,67717,'Michel','Hazanavicius',2),(3814,6383,'Aaron','Eckhart',2),(3815,74607,'Autumn','Reeser',1),(3816,7497,'Holt','McCallany',2),(3817,87192,'Mike','O\'Malley',2),(3818,2977,'Jamey','Sheridan',2),(3819,58045,'Molly','Hagan',1),(3820,205335,'Max','Adler',2),(3821,53492,'Sam','Huntington',2),(3822,99351,'Valerie','Mahaffey',1),(3823,54865,'Jeff','Kober',2),(3824,4445,'Chris','Bauer',2),(3825,166658,'Katie','Couric',1),(3826,1743272,'Vincent','Lombardi',2),(3827,162828,'Cooper','Thornton',2),(3828,1661814,'Noelle','Fink',1),(3829,1457224,'Doris','McCarthy',1),(3830,109024,'Purva','Bedi',1),(3831,90519,'Christopher','Curry',2),(3832,1378662,'Grant','Roberts',2),(3833,93090,'Graham','Sibley',2),(3834,172156,'Patch','Darragh',2),(3835,1521876,'Shaun','Rey',2),(3836,1636964,'Shane','Allen',2),(3837,1521872,'Justin','Woods',2),(3838,1521878,'Tommy','McInnis',2),(3839,1503851,'Kyle','Graham',2),(3840,1521873,'Marc','Chouen',2),(3841,1680287,'Jane','Gabbert',1),(3842,1460933,'Lynn','Marocola',1),(3843,1318907,'Blake','Jones',2),(3844,1521875,'Kamron','Leal',2),(3845,1521874,'Laura','Wheale',1),(3846,1355475,'Michael','Donlan',2),(3847,1521879,'Kelly','Moran',1),(3848,72855,'Felicity','Jones',1),(3849,78423,'Omar','Sy',2),(3850,76793,'Irrfan','Khan',2),(3851,11107,'Ben','Foster',2),(3852,971726,'Ana','Ularu',1),(3853,1668468,'Ida','Darvish',1),(3854,1753718,'Paolo','Simioni',2),(3855,1753719,'Alessandro','Grimaldi',2),(3856,231143,'Fausto','Sciarappa',2),(3857,1605558,'Robin','Mugnaini',2),(3858,52888,'Paul','Ritter',2),(3859,27629,'Vincenzo','Tanassi',2),(3860,15920,'Alessandro','Fabrizi',2),(3861,1508635,'Gebor','Urmai',2),(3862,119366,'Francesca','Inaudi',1),(3863,116341,'Bill','Clinton',2),(3864,113460,'John','Kerry',2),(3865,102786,'Barack','Obama',2),(3866,57563,'Elon','Musk',2),(3867,1523704,'Pope','Francis',2),(3868,1364815,'Ban','Ki-Moon',2),(3869,223,'Alejandro','Gonzalez',2),(3870,1702101,'Michael','Brune',2),(3871,1702104,'Marc','Mageau',2),(3872,1702111,'Enric','Sala',2),(3873,1702112,'Jake','Awa',2),(3874,13309,'Oprah','Winfrey',1),(3875,1702113,'Jason','Box',2),(3876,1702114,'Philip','Levine',2),(3877,1702118,'Michael','Mann',2),(3878,935514,'James','Inhofe',2),(3879,1060492,'Marco','Rubio',2),(3880,1702119,'Ma','Jun',2),(3881,1702120,'Alvin','Lin',2),(3882,1498523,'Sunita','Narain',1),(3883,1702121,'Ashok','Lavasa',2),(3884,1564683,'Anote','Tong',2),(3885,1702122,'Tommy','Remengesau Jr.',2),(3886,1702123,'Jeremy','Jackson',2),(3887,1702124,'Lindsey','Allen',1),(3888,1702125,'Farwiza','Farhan',1),(3889,1702128,'Ian','Singleton',2),(3890,1702131,'Gidon','Eshel',2),(3891,1818489,'Prince','William',2),(3892,1818490,'Ofir','Drori',2),(3893,18050,'Elle','Fanning',1),(3894,23459,'Sienna','Miller',1),(3895,1904,'Anthony','Hall',2),(3896,39389,'Titus','Welliver',2),(3897,51300,'Derek','Mears',2),(3898,25665,'Robert','Glenister',2),(3899,1293892,'Chris','Sullivan',2),(3900,38709,'Tom','Virtue',2),(3901,1232599,'Matthew','Maher',2),(3902,168829,'Bruno','Amato',2),(3903,145540,'Benny','Ciaramello',2),(3904,112053,'Michael','Chieffo',2),(3905,1193456,'Andrew','Bongiorno',2),(3906,1640938,'Austin','Swift',2),(3907,1640939,'Mark','Burzenski',2),(3908,1018804,'Lucy','Angelo',1),(3909,145560,'Larry','Eudene',2),(3910,1602952,'Lexie','Roth',1),(3911,1542697,'Kristen','Annese',1),(3912,1534809,'Katie','O\'Malley',1),(3913,1145861,'John','Bishop',2),(3914,12074,'John','Lithgow',2),(3915,17485,'Oliver','Platt',2),(3916,8975,'Sam','Waterston',2),(3917,184581,'Hamish','Linklater',2),(3918,1388470,'Alex','Neustaedter',2),(3919,1030513,'Jack','Quaid',2),(3920,1388472,'Christine','Nelson',1),(3921,1289506,'Zachary','Webber',2),(3922,1388475,'Trey','Hines',2),(3923,159877,'Lois','Robbins',2),(3924,192487,'Bridget','Gethins',1),(3925,1388476,'James','McCool',2),(3926,1388477,'Spencer','Howell',2),(3927,1388478,'Caitlin','Moira',1),(3928,222122,'Gabriel','Basso',2),(3929,1731476,'Samantha','Smedley',2),(3930,20186,'Damian','Lewis',2),(3931,35091,'Scott','Grimes',2),(3932,2203,'Neal','McDonough',2),(3933,56366,'Ross','McCall',2),(3934,1232094,'Nolan','Hemmings',2),(3935,17288,'Michael','Fassbender',2),(3936,52415,'Michael','Cudlitz',2),(3937,14409,'David','Schwimmer',2),(3938,5530,'James','McAvoy',2),(3939,2680,'Donnie','Wahlberg',2),(3940,11108,'Simon','Pegg',2),(3941,974,'Dexter','Fletcher',2),(3942,126429,'Shane','Taylor',2),(3943,58112,'Richard','Speight Jr.',2),(3944,83137,'Rick','Warden',2),(3945,55861,'Kirk','Acevedo',2),(3946,123532,'Rick','Gomez',2),(3947,68535,'Nicholas','Aaron',2),(3948,77350,'Douglas','Spain',2),(3949,3211,'Dale','Dye',2),(3950,141770,'Matthew','Leitch',2),(3951,70903,'Marc','Warren',2),(3952,33286,'Matthew','Settle',2),(3953,50668,'Jamie','Bamber',2),(3954,183812,'Jason','O\'Mara',2),(3955,7498,'Eion','Bailey',2),(3956,191750,'Philip','Barantini',2),(3957,1227952,'Rene','Moreno',2),(3958,1047350,'Peter','McCabe',2),(3959,59233,'Scoot','McNairy',2),(3960,11825,'Maggie','Grace',1),(3961,1753210,'Judah','Nelson',2),(3962,117087,'Larry','Sullivan',2),(3963,1023800,'Jason','McCune',2),(3964,203516,'Mariana','Klaveno',1),(3965,577478,'Hannah','Ware',1),(3966,75923,'Christopher','Darga',2),(3967,928356,'Teri','Clark',1),(3968,1377067,'Danielle','Sherrick',1),(3969,1753213,'Jeff','Panzarella',2),(3970,59014,'Mo','McRae',2),(3971,7431,'Kevin','Zegers',2),(3972,1700685,'Lewis','Pullman',2),(3973,93749,'Michael','Lowry',2),(3974,1055739,'Scott','Martin',2),(3975,174106,'Keith','Flippen',2),(3976,92803,'Brian','Gallagher',2),(3977,1753216,'Megan','Leonard',1),(3978,1544787,'Christine','Dye',1),(3979,1647321,'Chloe','Stearns',1),(3980,1816363,'Carl','Herrick',2),(3981,1300763,'Lynn','Downey',1),(3982,1211941,'Trisha','Simmons',1),(3983,1816366,'McKenna','Kerrigan',1),(3984,1816367,'Kasey','Daley',1),(3985,1546223,'John','Moon',2),(3986,1286879,'Nathan','Hollabaugh',2),(3987,1593406,'Rex','Alba',2),(3988,79792,'Laura','Allen',1),(3989,1753212,'Matthew','Allen',2),(3990,1816368,'Victoria','Borbridge',1),(3991,1746612,'Brian','Wolfman Black Bowman',2),(3992,1753214,'Reid','Carpenter',2),(3993,1718164,'Theresa','Cook',1),(3994,1753209,'Chase','Crawford',2),(3995,1816365,'Jami','Cullen',2),(3996,1636793,'Kim','Evans',1),(3997,1636759,'Logan','Fry',2),(3998,1804142,'Jerry','Gallagher',2),(3999,137167,'Adam','Hicks',2),(4000,1753211,'Bryan','Kruse',2),(4001,1560343,'Christina','Lambert',1),(4002,1816370,'Joe','Maurer',2),(4003,1538781,'Chelsea','Mee',1),(4004,1560353,'Kenneth','Meyer',2),(4005,1753221,'Nicholas','Palacio',2),(4006,1593397,'Ellen','Pepper',1),(4007,1593385,'Allison','Rowe',1),(4008,1753218,'Samantha','Russell',1),(4009,1816364,'Sarah','Smith',1),(4010,1816369,'Christina','Sparks',1),(4011,1753215,'Tammy','Tsai',1),(4012,1753222,'Peggy','Warner',1),(4013,1532419,'William','Willet',2);
/*!40000 ALTER TABLE `Actor` ENABLE KEYS */;
UNLOCK TABLES;

--
-- Table structure for table `DirectedBy`
--

DROP TABLE IF EXISTS `DirectedBy`;
/*!40101 SET @saved_cs_client     = @@character_set_client */;
/*!40101 SET character_set_client = utf8 */;
CREATE TABLE `DirectedBy` (
  `movie_id` int(11) NOT NULL,
  `director_id` int(11) NOT NULL,
  PRIMARY KEY (`movie_id`,`director_id`),
  KEY `id_director_idx` (`director_id`),
  CONSTRAINT `id_director` FOREIGN KEY (`director_id`) REFERENCES `Director` (`id`) ON DELETE NO ACTION ON UPDATE NO ACTION,
  CONSTRAINT `id_movie` FOREIGN KEY (`movie_id`) REFERENCES `Movie` (`id`) ON DELETE NO ACTION ON UPDATE NO ACTION
) ENGINE=InnoDB DEFAULT CHARSET=latin1;
/*!40101 SET character_set_client = @saved_cs_client */;

--
-- Dumping data for table `DirectedBy`
--

LOCK TABLES `DirectedBy` WRITE;
/*!40000 ALTER TABLE `DirectedBy` DISABLE KEYS */;
INSERT INTO `DirectedBy` VALUES (1,1),(61,1),(111,1),(2,2),(118,2),(3,3),(4,4),(45,4),(110,4),(126,4),(189,4),(5,5),(16,5),(6,6),(7,7),(8,8),(14,8),(35,8),(76,8),(94,8),(9,9),(10,10),(11,11),(72,11),(104,11),(12,12),(21,12),(28,12),(29,12),(30,12),(40,12),(85,12),(88,12),(107,12),(130,12),(174,12),(197,12),(13,13),(15,14),(68,14),(17,15),(109,15),(18,16),(52,16),(19,17),(176,17),(20,18),(22,19),(23,20),(24,21),(25,22),(142,22),(185,22),(195,22),(26,23),(152,23),(27,24),(31,25),(32,26),(33,27),(34,28),(36,29),(37,30),(38,31),(48,31),(39,32),(41,33),(42,34),(87,34),(101,34),(180,34),(43,35),(44,36),(54,36),(46,37),(47,38),(49,39),(78,39),(50,40),(51,41),(53,42),(116,42),(55,43),(56,44),(64,44),(57,45),(58,46),(59,47),(60,48),(62,49),(63,50),(65,51),(66,52),(67,53),(69,54),(70,55),(77,55),(71,56),(73,57),(74,58),(75,59),(79,60),(80,61),(81,62),(170,62),(82,63),(83,64),(84,65),(123,65),(86,66),(106,66),(114,66),(132,66),(89,67),(90,68),(91,69),(92,70),(93,71),(95,72),(96,73),(97,74),(98,75),(99,76),(100,77),(102,78),(103,79),(105,80),(108,81),(112,82),(113,83),(115,84),(117,85),(119,86),(120,87),(121,88),(122,89),(124,90),(125,91),(127,92),(128,93),(129,94),(131,95),(133,96),(134,97),(135,98),(136,99),(137,100),(138,101),(139,102),(140,103),(141,104),(143,105),(144,106),(188,106),(145,107),(146,108),(147,109),(193,109),(148,110),(186,110),(149,111),(150,112),(151,113),(153,114),(154,115),(155,116),(156,117),(157,118),(158,119),(166,119),(159,120),(160,121),(161,122),(162,123),(163,124),(164,125),(165,126),(167,127),(168,128),(169,129),(171,130),(172,131),(173,132),(175,133),(177,134),(178,135),(179,136),(181,137),(182,138),(183,139),(184,140),(187,141),(190,142),(191,143),(192,144),(194,145),(196,146),(19,147),(176,147),(20,148),(58,149),(97,150),(99,151),(107,152),(111,153),(124,154),(147,155),(193,155),(148,156),(161,157),(175,158),(175,159),(195,159),(175,160),(175,161),(175,162),(195,162),(184,163),(187,164),(191,165),(195,166),(195,167),(195,168),(195,169),(195,170);
/*!40000 ALTER TABLE `DirectedBy` ENABLE KEYS */;
UNLOCK TABLES;

--
-- Table structure for table `Director`
--

DROP TABLE IF EXISTS `Director`;
/*!40101 SET @saved_cs_client     = @@character_set_client */;
/*!40101 SET character_set_client = utf8 */;
CREATE TABLE `Director` (
  `id` int(11) NOT NULL,
  `fname` varchar(120) DEFAULT NULL,
  `lname` varchar(120) DEFAULT NULL,
  `d_id` int(11) DEFAULT NULL,
  PRIMARY KEY (`id`)
) ENGINE=InnoDB DEFAULT CHARSET=latin1;
/*!40101 SET character_set_client = @saved_cs_client */;

--
-- Dumping data for table `Director`
--

LOCK TABLES `Director` WRITE;
/*!40000 ALTER TABLE `Director` DISABLE KEYS */;
INSERT INTO `Director` VALUES (1,'John','Lasseter',7879),(2,'Mike','Nichols',5342),(3,'Scott','Kalvert',65390),(4,'Ron','Howard',6159),(5,'Chris','Columbus',10965),(6,'Agnieszka','Holland',1128),(7,'Beeban','Kidron',20237),(8,'Ivan','Reitman',8858),(9,'Sam','Raimi',7623),(10,'Lasse','Hallstr_m',5306),(11,'Robert','Zemeckis',24),(12,'James','Cameron',2710),(13,'Bill','Forsyth',68687),(14,'John','McTiernan',1090),(15,'Jonathan','Demme',16294),(16,'Nora','Ephron',9248),(17,'Rob','Epstein',109402),(18,'Ron','Clements',15810),(19,'Francis','Ford Coppola',1776),(20,'Chuck','Russell',26713),(21,'Christopher','Hampton',12952),(22,'Tom','Hanks',31),(23,'Baz','Luhrmann',6201),(24,'Tad','Stones',56852),(25,'Peter','Weir',2690),(26,'Brian','Levant',13581),(27,'Jerry','Zaks',59635),(28,'Kenneth','Branagh',11181),(29,'Joel','Schumacher',5572),(30,'John','Milius',8328),(31,'Woody','Allen',1243),(32,'Gus','Van Sant',5216),(33,'Randall','Wallace',2460),(34,'Steven','Spielberg',488),(35,'Joe','Dante',4600),(36,'Robert','Altman',9789),(37,'Barry','Levinson',8246),(38,'Vincent','Ward',9198),(39,'Richard','Fleischer',2087),(40,'Richard','Benjamin',24318),(41,'Garry','Marshall',1201),(42,'Tom','Shadyac',4499),(43,'Andrew','Kuehn',551883),(44,'Penny','Marshall',14911),(45,'Paul ','Verhoeven',10491),(46,'Freida Lee','Mock',223825),(47,'Katt','Shea',102634),(48,'Peter','Hyams',37710),(49,'Brian','De Palma',1150),(50,'Frank','Darabont',4027),(51,'Danny','Boyle',2034),(52,'Nicholas','Meyer',1788),(53,'Neal','Israel',57359),(54,'Paul Michael','Glaser',12988),(55,'Roger','Spottiswoode',1724),(56,'David','Seltzer',11834),(57,'Steve','Carr',52112),(58,'Kristine','Peterson',73962),(59,'Walter','Hill',1723),(60,'Andrew','Davis',12989),(61,'Armand','Mastroianni',128639),(62,'Joel','Zwick',54644),(63,'John Patrick','Shanley',26095),(64,'Hal','Needham',67767),(65,'Sam','Mendes',39),(66,'Martin','Scorsese',1032),(67,'Michael','Caton-Jones',30365),(68,'Jonathan','Mostow',7213),(69,'Mark','Lester',67753),(70,'Peter','Berg',36602),(71,'Arthur','Seidelman',41222),(72,'Richard','Donner',7187),(73,'Tom','Mankiewicz',7190),(74,'George','Butler',42081),(75,'John','Irvin',17784),(76,'Joel','Coen',1223),(77,'Frank','Coraci',57370),(78,'Bob','Rafelson',19450),(79,'Stan','Dragoti',67411),(80,'Michael','Grossman',43222),(81,'Penelope','Spheeris',58448),(82,'Chris','Paine',74589),(83,'John','Davis',60237),(84,'Edward','Zwick',9181),(85,'David','Silverman',197),(86,'Chris','Bell',78720),(87,'Phyllida','Lloyd',71068),(88,'Ridley','Scott',578),(89,'Gil','Kenan',57193),(90,'Nadia','Conners',39647),(91,'Sean','McGinly',81199),(92,'Joseph','McGinty Nichol',36425),(93,'Jaume','Collet-Serra',59521),(94,'Spike','Jonze',5953),(95,'Richard','Schieckel',44950),(96,'R.D.','Robb',12711),(97,'Michael','Schultz',77300),(98,'Lee','Unkrich',8),(99,'Mark','Cowen',945172),(100,'Christopher','Nolan',525),(101,'Sylvestor','Stallone',16483),(102,'Toni','Myers',77863),(103,'Leslie','Iwerks',144960),(104,'Catherine','Hardwicke',19850),(105,'George','Clooney',1461),(106,'Clint','Eastwood',190),(107,'Stephen','Daldry',468),(108,'Simon','West',12786),(109,'Ken','Burns',204484),(110,'Tom','Tykwer',1071),(111,'Eric','Idle',10713),(112,'Quentin','Tarantino',138),(113,'Kim','Jee-woon',543568),(114,'Scott','Cooper',65167),(115,'Brad','Furman',144221),(116,'Peter','Landesman',1192754),(117,'Paul','Greengrass',25598),(118,'Mikael','Hfstrm',29605),(119,'Angus','MacLane',7929),(120,'John Lee','Hancock',54040),(121,'Adrian','Moat',217562),(122,'Joey','Figueroa',140908),(123,'David','Ayer',19769),(124,'Vlad','Yudin',131791),(125,'Patrick','Hughes',143059),(126,'Gary','Rydstrom',2216),(127,'Dick','Lowry',33880),(128,'Arnold','Schwarzenegger',1100),(129,'Lisa','Cholodenko',75699),(130,'Mark','Walsh',1092247),(131,'Steve','Purcell',137262),(132,'Alan','Taylor',47005),(133,'Graham','Yost',21206),(134,'Henry','Hobson',1354171),(135,'Alejandro','Gonzalez Irritu',223),(136,'James','Ponsoldt',930710),(137,'Kevin','Connolly',16666),(138,'Annette','Haywood-Carter',119310),(139,'Kirk','Jones',64045),(140,'Jacob','Bernstein',1500722),(141,'Serge','Bromberg',126750),(142,'Fisher','Stevens',26473),(143,'Kief','Davidson',129921),(144,'Ben','Affleck',880),(145,'Meg','Ryan',5344),(146,'Elliott','Lester',119406),(147,'Jeffrey','Friedman',109403),(148,'John','Musker',15811),(149,'Terry','Sanders',201165),(150,'Robert','Fiore',42082),(151,'Ethan','Coen',1224),(152,'Steven','Quale',93214),(153,'Joe','Ranft',7911),(154,'Leila','Conners',39648),(155,'Lynn','Novick',536506),(156,'Lilly','Wachowski',9339),(157,'Zak','Knutson',140909),(158,'Carl','Franklin',21712),(159,'David','Nutter',33316),(160,'Tim','Van Patten',44797),(161,'Jeremy','Podeswa',88391),(162,'Tony','To',166291),(163,'Nick','Hooker',862),(164,'Eric','Lange',935031),(165,'Richard','Ladkani',129922),(166,'David','Frankel',5065),(167,'Phil','Robinson',23968),(168,'Mikael','Salomon',30149),(169,'Richard','Loncraine',33315),(170,'David','Leland',33317);
/*!40000 ALTER TABLE `Director` ENABLE KEYS */;
UNLOCK TABLES;

--
-- Table structure for table `Genre`
--

DROP TABLE IF EXISTS `Genre`;
/*!40101 SET @saved_cs_client     = @@character_set_client */;
/*!40101 SET character_set_client = utf8 */;
CREATE TABLE `Genre` (
  `id` int(11) NOT NULL AUTO_INCREMENT,
  `genre_id` int(11) DEFAULT NULL,
  `genre` varchar(45) DEFAULT NULL,
  PRIMARY KEY (`id`)
) ENGINE=InnoDB AUTO_INCREMENT=21 DEFAULT CHARSET=latin1;
/*!40101 SET character_set_client = @saved_cs_client */;

--
-- Dumping data for table `Genre`
--

LOCK TABLES `Genre` WRITE;
/*!40000 ALTER TABLE `Genre` DISABLE KEYS */;
INSERT INTO `Genre` VALUES (1,16,'Animation'),(2,35,'Comedy'),(3,10751,'Family'),(4,18,'Drama'),(5,80,'Crime'),(6,10749,'Romance'),(7,28,'Action'),(8,37,'Western'),(9,53,'Thriller'),(10,14,'Fantasy'),(11,12,'Adventure'),(12,36,'History'),(13,99,'Documentary'),(14,878,'Science Fiction'),(15,9648,'Mystery'),(16,27,'Horror'),(17,10752,'War'),(18,10402,'Music'),(19,10769,'Foreign'),(20,10770,'TV Movie');
/*!40000 ALTER TABLE `Genre` ENABLE KEYS */;
UNLOCK TABLES;

--
-- Table structure for table `Movie`
--

DROP TABLE IF EXISTS `Movie`;
/*!40101 SET @saved_cs_client     = @@character_set_client */;
/*!40101 SET character_set_client = utf8 */;
CREATE TABLE `Movie` (
  `id` int(11) NOT NULL AUTO_INCREMENT,
  `movie_id` int(11) DEFAULT NULL,
  `title` varchar(120) DEFAULT NULL,
  `yearReleased` int(11) DEFAULT NULL,
  PRIMARY KEY (`id`)
) ENGINE=InnoDB AUTO_INCREMENT=198 DEFAULT CHARSET=latin1;
/*!40101 SET character_set_client = @saved_cs_client */;

--
-- Dumping data for table `Movie`
--

LOCK TABLES `Movie` WRITE;
/*!40000 ALTER TABLE `Movie` DISABLE KEYS */;
INSERT INTO `Movie` VALUES (1,862,'Toy Story',1995),(2,11000,'The Birdcage',1996),(3,10474,'The Basketball Diaries',1995),(4,568,'Apollo 13',1995),(5,11472,'Nine Months',1995),(6,36834,'Total Eclipse',1995),(7,9090,'To Wong Foo, Thanks for Everything! Julie Newmar',1995),(8,6280,'Junior',1994),(9,12106,'The Quick and the Dead',1995),(10,1587,'What\'s Eating Gilbert Grape',1993),(11,13,'Forrest Gump',1994),(12,36955,'True Lies',1994),(13,46924,'Being Human',1994),(14,11566,'Dave',1993),(15,9593,'Last Action Hero',1993),(16,788,'Mrs. Doubtfire',1993),(17,9800,'Philadelphia',1993),(18,858,'Sleepless in Seattle',1993),(19,32562,'The Celluloid Closet',1996),(20,812,'Aladdin',1992),(21,280,'Terminator 2: Judgment Day',1991),(22,7095,'Jack',1996),(23,9268,'Eraser',1996),(24,47199,'The Secret Agent',1996),(25,9591,'That Thing You Do!',1996),(26,454,'Romeo + Juliet',1996),(27,11238,'Aladdin and the King of Thieves',1996),(28,2756,'The Abyss',1989),(29,679,'Aliens',1986),(30,218,'The Terminator',1984),(31,207,'Dead Poets Society',1989),(32,9279,'Jingle All the Way',1996),(33,9819,'Marvin\'s Room',1996),(34,10549,'Hamlet',1996),(35,12499,'Fathers\' Day',1997),(36,415,'Batman & Robin',1997),(37,9387,'Conan the Barbarian',1982),(38,2639,'Deconstructing Harry',1997),(39,489,'Good Will Hunting',1997),(40,597,'Titanic',1997),(41,9313,'The Man in the Iron Mask',1998),(42,857,'Saving Private Ryan',1998),(43,11974,'The Burbs',1989),(44,11335,'Popeye',1980),(45,2619,'Splash',1984),(46,11597,'Toys',1992),(47,12159,'What Dreams May Come',1998),(48,9466,'Celebrity',1998),(49,9626,'Red Sonja',1985),(50,10466,'The Money Pit',1986),(51,29968,'Nothing in Common',1986),(52,9489,'You\'ve Got Mail',1998),(53,10312,'Patch Adams',1998),(54,1847,'The Long Goodbye',1973),(55,68426,'Get Bruce!',1999),(56,2280,'Big',1988),(57,861,'Total Recall',1990),(58,56235,'Return with Honor',1999),(59,9264,'Poison Ivy',1992),(60,9946,'End of Days',1999),(61,863,'Toy Story 2',1999),(62,9586,'The Bonfire of the Vanities',1990),(63,497,'The Green Mile',1999),(64,11287,'A League of Their Own',1992),(65,1907,'The Beach',2000),(66,19259,'Volunteers',1985),(67,12309,'Bachelor Party',1984),(68,106,'Predator',1987),(69,865,'The Running Man',1987),(70,8452,'The 6th Day',2000),(71,40820,'Punchline',1988),(72,8358,'Cast Away',2000),(73,10808,'Dr. Dolittle 2',2001),(74,12702,'Critters 3',1991),(75,9604,'Red Heat',1988),(76,9493,'Twins',1988),(77,6951,'Turner & Hooch',1989),(78,9610,'Conan the Destroyer',1984),(79,9884,'Collateral Damage',2002),(80,65262,'He Knows You\'re Alone',1980),(81,8346,'My Big Fat Greek Wedding',2002),(82,2565,'Joe Versus the Volcano',1990),(83,163907,'The Villain',1979),(84,4147,'Road to Perdition',2002),(85,31646,'Piranha Part Two: The Spawning',1981),(86,3131,'Gangs of New York',2002),(87,640,'Catch Me If You Can',2002),(88,24982,'Ghosts of the Abyss',2003),(89,8092,'This Boy\'s Life',1993),(90,296,'Terminator 3: Rise of the Machines',2003),(91,10999,'Commando',1985),(92,10159,'The Rundown',2003),(93,5227,'Hercules in New York',1969),(94,951,'Kindergarten Cop',1990),(95,20763,'Radio Flyer',1992),(96,10023,'Dragnet',1987),(97,5205,'Pumping Iron',1977),(98,2099,'Raw Deal',1986),(99,5516,'The Ladykillers',2004),(100,10204,'Around the World in 80 Days',2004),(101,594,'The Terminal',2004),(102,5228,'Stay Hungry',1976),(103,10905,'The Man with One Red Shoe',1985),(104,5255,'The Polar Express',2004),(105,30983,'From the Earth to the Moon',1998),(106,2567,'The Aviator',2004),(107,22559,'Aliens of the Deep',2005),(108,64972,'The Kid & I',2005),(109,15675,'Neil Young: Heart of Gold',2006),(110,591,'The Da Vinci Code',2006),(111,920,'Cars',2006),(112,13508,'Who Killed the Electric Car?',2006),(113,9906,'The Ant Bully',2006),(114,1422,'The Departed',2006),(115,1372,'Blood Diamond',2006),(116,2698,'Evan Almighty',2007),(117,35,'The Simpsons Movie',2007),(118,6538,'Charlie Wilson\'s War',2007),(119,13636,'Bigger Stronger Faster*',2008),(120,11631,'Mamma Mia!',2008),(121,12113,'Body of Lies',2008),(122,13600,'City of Ember',2008),(123,4148,'Revolutionary Road',2008),(124,4832,'The 11th Hour',2007),(125,16279,'The Great Buck Howard',2008),(126,13448,'Angels & Demons',2009),(127,534,'Terminator Salvation',2009),(128,21208,'Orphan',2009),(129,16523,'Where the Wild Things Are',2009),(130,19995,'Avatar',2009),(131,5707,'Shooting War',2000),(132,11324,'Shutter Island',20010),(133,37857,'Don\'s Plum',2001),(134,23050,'Scavenger Hunt',1979),(135,10193,'Toy Story 3',2010),(136,235199,'We Stand Alone Together',2001),(137,27205,'Inception',2010),(138,27578,'The Expendables',2010),(139,44992,'Hubble 3D',2010),(140,15302,'The Pixar Story',2007),(141,49730,'Red Riding Hood',2011),(142,59861,'Larry Crowne',2011),(143,10316,'The Ides of March',2011),(144,88794,'J. Edgar',2011),(145,64685,'Extremely Loud & Incredibly Close',2011),(146,76163,'The Expendables 2',2012),(147,208988,'The War',2007),(148,83542,'Cloud Atlas',2012),(149,32694,'The Rutles 2: Can\'t Buy Me Lunch',2002),(150,68718,'Django Unchained',2012),(151,76640,'The Last Stand',2013),(152,64682,'The Great Gatsby',2013),(153,164457,'Out of the Furnace',2013),(154,146238,'Runner Runner',2013),(155,209262,'Parkland',2013),(156,109424,'Captain Phillips',2013),(157,107846,'Escape Plan',2013),(158,213121,'Toy Story of Terror!',2013),(159,140823,'Saving Mr. Banks',2013),(160,170039,'Killing Lincoln',2013),(161,173467,'Milius',2013),(162,144336,'Sabotage',2014),(163,207021,'Generation Iron',2013),(164,138103,'The Expendables 3',2014),(165,77887,'Hawaiian Vacation',2011),(166,82424,'Small Fry',2011),(167,79365,'The Jayne Mansfield Story',1980),(168,55596,'Christmas in Connecticut',1992),(169,289314,'Olive Kitteridge',2014),(170,37641,'Elvis Has Left the Building',2004),(171,130925,'Partysaurus Rex',2012),(172,256835,'Toy Story That Time Forgot',2014),(173,87101,'Terminator Genisys',2015),(174,76600,'Avatar 2',2020),(175,189197,'The Pacific',2010),(176,253639,'And the Oscar Goes To...',2014),(177,287424,'Maggie',2015),(178,281957,'The Revenant',2015),(179,339988,'The Circle',2017),(180,296098,'Bridge of Spies',2015),(181,25354,'Gardener of Eden',2007),(182,329216,'The Foot Shooting Party',1994),(183,302688,'My Big Fat Greek Wedding 2',2016),(184,356325,'Everything Is Copy',2015),(185,357125,'The Sixties',2013),(186,270010,'A Hologram for the King',2016),(187,87061,'The Extraordinary Voyage',2011),(188,363676,'Sully',2016),(189,207932,'Inferno',2016),(190,410718,'Before the Flood',2016),(191,411023,'The Ivory Game',2016),(192,259695,'Live by Night',2016),(193,140465,'Prohibition',2011),(194,305642,'Ithaca',2015),(195,331214,'Band of Brothers',2001),(196,390051,'Aftermath',2017),(197,65595,'T2 3-D: Battle Across Time',1996);
/*!40000 ALTER TABLE `Movie` ENABLE KEYS */;
UNLOCK TABLES;

--
-- Table structure for table `MovieGenres`
--

DROP TABLE IF EXISTS `MovieGenres`;
/*!40101 SET @saved_cs_client     = @@character_set_client */;
/*!40101 SET character_set_client = utf8 */;
CREATE TABLE `MovieGenres` (
  `movie_id` int(11) NOT NULL,
  `genre_id` int(11) NOT NULL,
  PRIMARY KEY (`movie_id`,`genre_id`),
  KEY `id_idx` (`genre_id`),
  CONSTRAINT `genre_id` FOREIGN KEY (`genre_id`) REFERENCES `Genre` (`id`) ON DELETE NO ACTION ON UPDATE NO ACTION,
  CONSTRAINT `movie_id` FOREIGN KEY (`movie_id`) REFERENCES `Movie` (`id`) ON DELETE NO ACTION ON UPDATE NO ACTION
) ENGINE=InnoDB DEFAULT CHARSET=latin1;
/*!40101 SET character_set_client = @saved_cs_client */;

--
-- Dumping data for table `MovieGenres`
--

LOCK TABLES `MovieGenres` WRITE;
/*!40000 ALTER TABLE `MovieGenres` DISABLE KEYS */;
INSERT INTO `MovieGenres` VALUES (1,1),(20,1),(27,1),(61,1),(104,1),(111,1),(113,1),(117,1),(135,1),(158,1),(165,1),(166,1),(171,1),(172,1),(1,2),(2,2),(5,2),(7,2),(8,2),(11,2),(13,2),(14,2),(15,2),(16,2),(18,2),(20,2),(22,2),(25,2),(32,2),(35,2),(38,2),(43,2),(44,2),(45,2),(46,2),(48,2),(50,2),(51,2),(52,2),(53,2),(55,2),(56,2),(61,2),(62,2),(64,2),(66,2),(67,2),(71,2),(73,2),(74,2),(76,2),(77,2),(81,2),(82,2),(83,2),(92,2),(93,2),(94,2),(96,2),(99,2),(100,2),(101,2),(102,2),(103,2),(108,2),(111,2),(113,2),(116,2),(117,2),(118,2),(120,2),(125,2),(133,2),(134,2),(135,2),(142,2),(149,2),(158,2),(159,2),(167,2),(170,2),(171,2),(181,2),(183,2),(186,2),(1,3),(8,3),(15,3),(16,3),(20,3),(27,3),(32,3),(35,3),(44,3),(56,3),(61,3),(73,3),(77,3),(104,3),(108,3),(111,3),(113,3),(116,3),(117,3),(122,3),(129,3),(135,3),(158,3),(165,3),(166,3),(171,3),(172,3),(183,3),(3,4),(4,4),(6,4),(10,4),(11,4),(13,4),(16,4),(17,4),(18,4),(22,4),(23,4),(24,4),(25,4),(26,4),(31,4),(33,4),(34,4),(38,4),(39,4),(40,4),(41,4),(42,4),(47,4),(48,4),(51,4),(53,4),(54,4),(56,4),(62,4),(63,4),(65,4),(71,4),(72,4),(79,4),(81,4),(84,4),(86,4),(87,4),(89,4),(95,4),(101,4),(102,4),(105,4),(106,4),(114,4),(115,4),(118,4),(121,4),(123,4),(125,4),(132,4),(133,4),(142,4),(143,4),(144,4),(145,4),(148,4),(150,4),(152,4),(153,4),(154,4),(155,4),(156,4),(159,4),(160,4),(162,4),(167,4),(169,4),(175,4),(178,4),(179,4),(180,4),(181,4),(182,4),(186,4),(188,4),(192,4),(194,4),(195,4),(196,4),(3,5),(36,5),(54,5),(63,5),(75,5),(77,5),(84,5),(86,5),(87,5),(96,5),(98,5),(99,5),(114,5),(144,5),(151,5),(153,5),(154,5),(162,5),(192,5),(6,6),(8,6),(10,6),(11,6),(18,6),(20,6),(26,6),(40,6),(45,6),(47,6),(50,6),(51,6),(52,6),(56,6),(65,6),(73,6),(81,6),(82,6),(120,6),(123,6),(142,6),(152,6),(168,6),(183,6),(9,7),(12,7),(15,7),(21,7),(23,7),(28,7),(29,7),(30,7),(36,7),(37,7),(41,7),(44,7),(49,7),(57,7),(60,7),(68,7),(69,7),(75,7),(77,7),(78,7),(79,7),(90,7),(91,7),(92,7),(93,7),(96,7),(98,7),(100,7),(103,7),(107,7),(115,7),(121,7),(127,7),(130,7),(131,7),(137,7),(138,7),(146,7),(151,7),(156,7),(157,7),(162,7),(164,7),(173,7),(174,7),(175,7),(195,7),(9,8),(83,8),(150,8),(178,8),(12,9),(21,9),(23,9),(24,9),(28,9),(29,9),(30,9),(40,9),(43,9),(54,9),(59,9),(65,9),(68,9),(74,9),(77,9),(79,9),(84,9),(90,9),(91,9),(92,9),(98,9),(99,9),(110,9),(114,9),(115,9),(121,9),(126,9),(127,9),(128,9),(132,9),(137,9),(138,9),(141,9),(146,9),(151,9),(153,9),(154,9),(155,9),(156,9),(157,9),(162,9),(164,9),(173,9),(178,9),(179,9),(180,9),(189,9),(196,9),(13,10),(15,10),(20,10),(36,10),(37,10),(45,10),(46,10),(47,10),(49,10),(56,10),(60,10),(63,10),(73,10),(78,10),(82,10),(93,10),(104,10),(113,10),(116,10),(122,10),(129,10),(130,10),(141,10),(171,10),(174,10),(187,10),(15,11),(20,11),(27,11),(28,11),(37,11),(41,11),(44,11),(49,11),(57,11),(65,11),(68,11),(72,11),(78,11),(91,11),(92,11),(93,11),(100,11),(104,11),(111,11),(113,11),(122,11),(130,11),(137,11),(138,11),(146,11),(164,11),(173,11),(174,11),(175,11),(178,11),(187,11),(19,12),(42,12),(86,12),(118,12),(131,12),(144,12),(147,12),(155,12),(159,12),(175,12),(188,12),(19,13),(55,13),(58,13),(88,13),(97,13),(105,13),(107,13),(109,13),(112,13),(119,13),(124,13),(131,13),(136,13),(139,13),(140,13),(147,13),(149,13),(160,13),(161,13),(163,13),(176,13),(184,13),(187,13),(190,13),(191,13),(193,13),(21,14),(22,14),(28,14),(29,14),(30,14),(46,14),(57,14),(68,14),(69,14),(70,14),(74,14),(82,14),(90,14),(93,14),(107,14),(127,14),(130,14),(137,14),(148,14),(173,14),(174,14),(179,14),(23,15),(54,15),(60,15),(110,15),(126,15),(128,15),(132,15),(137,15),(155,15),(29,16),(43,16),(60,16),(74,16),(80,16),(85,16),(128,16),(141,16),(177,16),(42,17),(131,17),(136,17),(147,17),(175,17),(195,17),(44,18),(109,18),(149,19),(176,20),(190,20);
/*!40000 ALTER TABLE `MovieGenres` ENABLE KEYS */;
UNLOCK TABLES;

--
-- Table structure for table `Roles`
--

DROP TABLE IF EXISTS `Roles`;
/*!40101 SET @saved_cs_client     = @@character_set_client */;
/*!40101 SET character_set_client = utf8 */;
CREATE TABLE `Roles` (
  `actor_id` int(11) NOT NULL,
  `movie_id` int(11) NOT NULL,
  PRIMARY KEY (`actor_id`,`movie_id`),
  KEY `movie_id_idx` (`movie_id`),
  CONSTRAINT `actor__id` FOREIGN KEY (`actor_id`) REFERENCES `Actor` (`id`) ON DELETE NO ACTION ON UPDATE NO ACTION,
  CONSTRAINT `movie__id` FOREIGN KEY (`movie_id`) REFERENCES `Movie` (`id`) ON DELETE NO ACTION ON UPDATE NO ACTION
) ENGINE=InnoDB DEFAULT CHARSET=latin1;
/*!40101 SET character_set_client = @saved_cs_client */;

--
-- Dumping data for table `Roles`
--

LOCK TABLES `Roles` WRITE;
/*!40000 ALTER TABLE `Roles` DISABLE KEYS */;
INSERT INTO `Roles` VALUES (1,1),(2,1),(3,1),(4,1),(5,1),(6,1),(7,1),(8,1),(9,1),(10,1),(11,1),(12,1),(13,1),(14,2),(15,2),(16,2),(17,2),(18,2),(19,2),(20,2),(21,2),(22,2),(23,2),(24,3),(25,3),(26,3),(27,3),(28,3),(29,3),(30,3),(31,3),(32,3),(33,3),(34,3),(35,3),(1,4),(36,4),(37,4),(38,4),(39,4),(40,4),(41,4),(42,4),(43,4),(44,4),(45,4),(46,4),(47,4),(48,4),(49,4),(50,4),(51,4),(52,4),(53,4),(54,4),(55,4),(56,4),(57,4),(58,4),(59,4),(60,4),(61,4),(14,5),(62,5),(63,5),(64,5),(65,5),(66,5),(67,5),(68,5),(69,5),(70,5),(71,5),(72,5),(73,5),(74,5),(75,5),(76,5),(77,5),(78,5),(79,5),(80,5),(81,5),(82,5),(83,5),(24,6),(84,6),(85,6),(86,6),(87,6),(88,6),(89,6),(90,6),(91,6),(92,6),(93,6),(94,6),(95,6),(96,6),(97,6),(98,6),(99,6),(14,7),(100,7),(101,7),(102,7),(103,7),(104,7),(105,7),(106,7),(107,7),(108,7),(109,7),(110,7),(111,7),(112,7),(113,7),(114,8),(115,8),(116,8),(117,8),(118,8),(119,8),(120,8),(121,8),(122,8),(123,8),(124,8),(125,8),(126,8),(127,8),(128,8),(129,8),(130,8),(131,8),(132,8),(133,8),(134,8),(135,8),(136,8),(137,8),(138,8),(139,8),(140,8),(141,8),(142,8),(143,8),(144,8),(145,8),(146,8),(147,8),(148,8),(149,8),(150,8),(151,8),(152,8),(153,8),(154,8),(155,8),(156,8),(157,8),(158,8),(159,8),(160,8),(161,8),(162,8),(163,8),(164,8),(165,8),(166,8),(167,8),(168,8),(169,8),(170,8),(171,8),(172,8),(173,8),(174,8),(175,8),(176,8),(177,8),(178,8),(179,8),(15,9),(24,9),(38,9),(180,9),(181,9),(182,9),(183,9),(184,9),(185,9),(186,9),(187,9),(188,9),(189,9),(190,9),(191,9),(192,9),(24,10),(30,10),(41,10),(193,10),(194,10),(195,10),(196,10),(197,10),(198,10),(199,10),(200,10),(201,10),(202,10),(203,10),(204,10),(205,10),(206,10),(207,10),(208,10),(209,10),(210,10),(211,10),(212,10),(213,10),(214,10),(1,11),(38,11),(215,11),(216,11),(217,11),(218,11),(219,11),(220,11),(221,11),(222,11),(223,11),(224,11),(225,11),(226,11),(227,11),(228,11),(229,11),(230,11),(231,11),(232,11),(233,11),(234,11),(235,11),(236,11),(237,11),(238,11),(239,11),(240,11),(241,11),(242,11),(243,11),(244,11),(245,11),(246,11),(247,11),(248,11),(249,11),(250,11),(251,11),(252,11),(253,11),(254,11),(255,11),(256,11),(257,11),(258,11),(259,11),(260,11),(261,11),(262,11),(263,11),(264,11),(265,11),(266,11),(267,11),(268,11),(269,11),(270,11),(271,11),(272,11),(273,11),(274,11),(275,11),(18,12),(36,12),(64,12),(114,12),(276,12),(277,12),(278,12),(279,12),(280,12),(281,12),(14,13),(25,13),(282,13),(283,13),(284,13),(285,13),(286,13),(287,13),(288,13),(289,13),(290,13),(291,13),(292,13),(293,13),(294,13),(295,13),(296,13),(297,13),(298,13),(299,13),(300,13),(301,13),(302,13),(303,13),(304,13),(305,13),(306,13),(307,13),(308,13),(309,13),(310,13),(311,13),(312,13),(313,13),(114,14),(117,14),(125,14),(148,14),(174,14),(314,14),(315,14),(316,14),(317,14),(318,14),(319,14),(320,14),(321,14),(322,14),(323,14),(324,14),(325,14),(326,14),(327,14),(328,14),(329,14),(330,14),(331,14),(332,14),(333,14),(334,14),(335,14),(336,14),(337,14),(338,14),(339,14),(340,14),(341,14),(342,14),(343,14),(344,14),(345,14),(346,14),(347,14),(348,14),(349,14),(350,14),(351,14),(352,14),(353,14),(354,14),(355,14),(356,14),(357,14),(358,14),(359,14),(360,14),(361,14),(362,14),(363,14),(364,14),(365,14),(366,14),(367,14),(368,14),(369,14),(370,14),(371,14),(372,14),(373,14),(374,14),(375,14),(376,14),(377,14),(378,14),(379,14),(380,14),(381,14),(382,14),(383,14),(384,14),(114,15),(115,15),(385,15),(386,15),(387,15),(388,15),(389,15),(390,15),(391,15),(392,15),(393,15),(394,15),(395,15),(396,15),(397,15),(398,15),(399,15),(400,15),(401,15),(402,15),(403,15),(404,15),(14,16),(217,16),(393,16),(405,16),(406,16),(407,16),(408,16),(409,16),(410,16),(411,16),(412,16),(413,16),(414,16),(415,16),(416,16),(417,16),(418,16),(419,16),(420,16),(421,16),(422,16),(423,16),(424,16),(425,16),(426,16),(1,17),(52,17),(131,17),(166,17),(195,17),(324,17),(427,17),(428,17),(429,17),(430,17),(431,17),(432,17),(433,17),(434,17),(435,17),(436,17),(437,17),(438,17),(439,17),(440,17),(441,17),(442,17),(443,17),(444,17),(445,17),(446,17),(447,17),(448,17),(449,17),(450,17),(451,17),(452,17),(453,17),(454,17),(455,17),(456,17),(457,17),(458,17),(459,17),(460,17),(461,17),(462,17),(463,17),(464,17),(465,17),(466,17),(467,17),(468,17),(469,17),(470,17),(471,17),(472,17),(473,17),(474,17),(475,17),(476,17),(477,17),(478,17),(479,17),(480,17),(481,17),(1,18),(482,18),(483,18),(484,18),(485,18),(486,18),(487,18),(488,18),(489,18),(490,18),(491,18),(492,18),(493,18),(494,18),(495,18),(496,18),(497,18),(498,18),(499,18),(500,18),(501,18),(502,18),(503,18),(1,19),(180,19),(406,19),(476,19),(504,19),(505,19),(506,19),(507,19),(508,19),(509,19),(510,19),(511,19),(512,19),(513,19),(514,19),(515,19),(516,19),(517,19),(518,19),(519,19),(520,19),(521,19),(522,19),(523,19),(524,19),(525,19),(14,20),(526,20),(527,20),(528,20),(529,20),(530,20),(531,20),(532,20),(533,20),(534,20),(535,20),(536,20),(537,20),(538,20),(539,20),(540,20),(541,20),(542,20),(543,20),(544,20),(545,20),(546,20),(547,20),(548,20),(51,21),(114,21),(549,21),(550,21),(551,21),(552,21),(553,21),(554,21),(555,21),(556,21),(557,21),(558,21),(559,21),(560,21),(561,21),(562,21),(563,21),(564,21),(565,21),(566,21),(567,21),(568,21),(569,21),(570,21),(571,21),(572,21),(573,21),(574,21),(575,21),(576,21),(577,21),(578,21),(579,21),(580,21),(581,21),(582,21),(583,21),(584,21),(585,21),(586,21),(587,21),(588,21),(14,22),(589,22),(590,22),(591,22),(592,22),(593,22),(594,22),(595,22),(596,22),(597,22),(114,23),(598,23),(599,23),(600,23),(601,23),(602,23),(603,23),(604,23),(605,23),(606,23),(607,23),(608,23),(609,23),(610,23),(611,23),(612,23),(613,23),(614,23),(14,24),(615,24),(616,24),(617,24),(618,24),(619,24),(620,24),(621,24),(1,25),(49,25),(433,25),(488,25),(622,25),(623,25),(624,25),(625,25),(626,25),(627,25),(628,25),(629,25),(630,25),(631,25),(632,25),(633,25),(634,25),(635,25),(636,25),(637,25),(638,25),(639,25),(640,25),(641,25),(642,25),(24,26),(102,26),(643,26),(644,26),(645,26),(646,26),(647,26),(648,26),(649,26),(650,26),(651,26),(652,26),(653,26),(654,26),(655,26),(14,27),(526,27),(527,27),(529,27),(530,27),(534,27),(656,27),(657,27),(658,27),(659,27),(39,28),(443,28),(660,28),(661,28),(662,28),(663,28),(664,28),(665,28),(666,28),(667,28),(668,28),(669,28),(670,28),(671,28),(672,28),(673,28),(674,28),(675,28),(676,28),(677,28),(36,29),(186,29),(315,29),(555,29),(607,29),(661,29),(678,29),(679,29),(680,29),(681,29),(682,29),(683,29),(684,29),(685,29),(686,29),(687,29),(688,29),(689,29),(690,29),(691,29),(692,29),(693,29),(694,29),(695,29),(696,29),(697,29),(36,30),(114,30),(186,30),(541,30),(549,30),(554,30),(586,30),(661,30),(698,30),(699,30),(700,30),(701,30),(702,30),(703,30),(704,30),(705,30),(706,30),(707,30),(708,30),(709,30),(710,30),(711,30),(712,30),(713,30),(714,30),(715,30),(716,30),(717,30),(718,30),(719,30),(720,30),(721,30),(722,30),(14,31),(363,31),(723,31),(724,31),(725,31),(726,31),(727,31),(728,31),(729,31),(730,31),(731,31),(732,31),(733,31),(734,31),(735,31),(114,32),(404,32),(414,32),(488,32),(736,32),(737,32),(738,32),(739,32),(740,32),(741,32),(742,32),(743,32),(744,32),(745,32),(746,32),(747,32),(748,32),(749,32),(750,32),(751,32),(24,33),(752,33),(753,33),(754,33),(755,33),(756,33),(757,33),(758,33),(759,33),(760,33),(761,33),(762,33),(763,33),(764,33),(765,33),(766,33),(767,33),(768,33),(14,34),(280,34),(619,34),(769,34),(770,34),(771,34),(772,34),(773,34),(774,34),(775,34),(776,34),(777,34),(778,34),(779,34),(780,34),(781,34),(782,34),(783,34),(784,34),(785,34),(786,34),(787,34),(788,34),(789,34),(790,34),(791,34),(792,34),(793,34),(794,34),(14,35),(358,35),(369,35),(446,35),(783,35),(795,35),(796,35),(797,35),(798,35),(799,35),(800,35),(801,35),(802,35),(803,35),(804,35),(805,35),(806,35),(807,35),(114,36),(187,36),(808,36),(809,36),(810,36),(811,36),(812,36),(813,36),(814,36),(815,36),(816,36),(817,36),(818,36),(819,36),(114,37),(559,37),(702,37),(820,37),(821,37),(822,37),(823,37),(824,37),(825,37),(826,37),(827,37),(828,37),(829,37),(830,37),(831,37),(832,37),(833,37),(14,38),(501,38),(783,38),(795,38),(834,38),(835,38),(836,38),(837,38),(838,38),(839,38),(840,38),(841,38),(842,38),(843,38),(844,38),(845,38),(846,38),(847,38),(848,38),(849,38),(850,38),(14,39),(851,39),(852,39),(853,39),(854,39),(855,39),(856,39),(857,39),(858,39),(859,39),(860,39),(861,39),(862,39),(863,39),(864,39),(865,39),(866,39),(867,39),(868,39),(869,39),(870,39),(871,39),(872,39),(873,39),(874,39),(875,39),(876,39),(877,39),(878,39),(879,39),(880,39),(881,39),(882,39),(883,39),(884,39),(885,39),(886,39),(887,39),(888,39),(889,39),(890,39),(891,39),(892,39),(893,39),(894,39),(895,39),(896,39),(897,39),(898,39),(899,39),(24,40),(36,40),(298,40),(487,40),(555,40),(579,40),(603,40),(773,40),(900,40),(901,40),(902,40),(903,40),(904,40),(905,40),(906,40),(907,40),(908,40),(909,40),(910,40),(911,40),(912,40),(913,40),(914,40),(915,40),(916,40),(917,40),(918,40),(919,40),(920,40),(921,40),(922,40),(923,40),(924,40),(925,40),(926,40),(927,40),(928,40),(929,40),(930,40),(931,40),(932,40),(933,40),(934,40),(935,40),(936,40),(937,40),(938,40),(939,40),(940,40),(941,40),(942,40),(943,40),(944,40),(945,40),(946,40),(947,40),(948,40),(949,40),(950,40),(951,40),(952,40),(953,40),(954,40),(955,40),(956,40),(957,40),(958,40),(959,40),(960,40),(961,40),(962,40),(963,40),(964,40),(965,40),(966,40),(967,40),(968,40),(969,40),(970,40),(971,40),(972,40),(973,40),(974,40),(975,40),(976,40),(977,40),(978,40),(979,40),(980,40),(981,40),(982,40),(983,40),(984,40),(985,40),(986,40),(987,40),(988,40),(989,40),(990,40),(991,40),(992,40),(993,40),(994,40),(995,40),(996,40),(997,40),(998,40),(999,40),(1000,40),(1001,40),(1002,40),(1003,40),(1004,40),(1005,40),(1006,40),(1007,40),(1008,40),(1009,40),(1010,40),(1011,40),(1012,40),(1013,40),(1014,40),(1015,40),(1016,40),(1017,40),(1018,40),(1019,40),(1020,40),(1021,40),(1022,40),(1023,40),(1024,40),(1025,40),(1026,40),(24,41),(619,41),(1027,41),(1028,41),(1029,41),(1030,41),(1031,41),(1032,41),(1033,41),(1034,41),(1035,41),(1036,41),(1037,41),(1038,41),(1039,41),(1040,41),(1041,41),(1042,41),(1043,41),(1044,41),(1045,41),(1046,41),(1047,41),(1048,41),(1049,41),(1050,41),(1051,41),(1052,41),(1053,41),(1054,41),(1055,41),(1,42),(629,42),(640,42),(691,42),(850,42),(851,42),(924,42),(960,42),(1056,42),(1057,42),(1058,42),(1059,42),(1060,42),(1061,42),(1062,42),(1063,42),(1064,42),(1065,42),(1066,42),(1067,42),(1068,42),(1069,42),(1070,42),(1071,42),(1072,42),(1073,42),(1074,42),(1075,42),(1076,42),(1077,42),(1078,42),(1079,42),(1080,42),(1081,42),(1082,42),(1083,42),(1084,42),(1085,42),(1,43),(703,43),(1086,43),(1087,43),(1088,43),(1089,43),(1090,43),(1091,43),(1092,43),(1093,43),(1094,43),(1095,43),(1096,43),(1097,43),(1098,43),(1099,43),(1100,43),(1101,43),(1102,43),(1103,43),(1104,43),(1105,43),(1106,43),(1107,43),(14,44),(444,44),(1108,44),(1109,44),(1110,44),(1111,44),(1112,44),(1113,44),(1114,44),(1115,44),(1116,44),(1117,44),(1118,44),(1119,44),(1120,44),(1121,44),(1122,44),(1123,44),(1124,44),(1125,44),(1,45),(1126,45),(1127,45),(1128,45),(1129,45),(1130,45),(1131,45),(1132,45),(1133,45),(1134,45),(1135,45),(1136,45),(1137,45),(14,46),(65,46),(215,46),(1138,46),(1139,46),(1140,46),(1141,46),(1142,46),(1143,46),(1144,46),(1145,46),(14,47),(821,47),(1146,47),(1147,47),(1148,47),(1149,47),(1150,47),(1151,47),(1152,47),(1153,47),(1154,47),(1155,47),(1156,47),(1157,47),(1158,47),(1159,47),(1160,47),(1161,47),(19,48),(24,48),(119,48),(627,48),(769,48),(802,48),(836,48),(1162,48),(1163,48),(1164,48),(1165,48),(1166,48),(1167,48),(1168,48),(1169,48),(1170,48),(1171,48),(1172,48),(1173,48),(1174,48),(1175,48),(1176,48),(1177,48),(1178,48),(1179,48),(1180,48),(1181,48),(1182,48),(1183,48),(1184,48),(1185,48),(1186,48),(114,49),(822,49),(1118,49),(1187,49),(1188,49),(1189,49),(1190,49),(1191,49),(1192,49),(1193,49),(1194,49),(1195,49),(1196,49),(1197,49),(1198,49),(1199,49),(1200,49),(1,50),(1162,50),(1201,50),(1202,50),(1203,50),(1204,50),(1205,50),(1206,50),(1207,50),(1208,50),(1209,50),(1210,50),(1211,50),(1212,50),(1213,50),(1214,50),(1215,50),(1216,50),(1217,50),(1218,50),(1219,50),(1220,50),(1,51),(46,51),(311,51),(1221,51),(1222,51),(1223,51),(1224,51),(1225,51),(1226,51),(1227,51),(1228,51),(1229,51),(1,52),(482,52),(624,52),(1230,52),(1231,52),(1232,52),(1233,52),(1234,52),(1235,52),(1236,52),(1237,52),(1238,52),(1239,52),(1240,52),(1241,52),(1242,52),(14,53),(1063,53),(1219,53),(1243,53),(1244,53),(1245,53),(1246,53),(1247,53),(1248,53),(1249,53),(1250,53),(1251,53),(1252,53),(1253,53),(1254,53),(1255,53),(1256,53),(1257,53),(1258,53),(1259,53),(1260,53),(1261,53),(1262,53),(1263,53),(1264,53),(1265,53),(1266,53),(1267,53),(114,54),(1091,54),(1125,54),(1268,54),(1269,54),(1270,54),(1271,54),(1272,54),(1273,54),(1274,54),(1275,54),(1276,54),(1277,54),(1278,54),(1279,54),(1280,54),(14,55),(16,55),(22,55),(315,55),(504,55),(508,55),(510,55),(679,55),(783,55),(1281,55),(1282,55),(1283,55),(1284,55),(1285,55),(1286,55),(1287,55),(1288,55),(1289,55),(1290,55),(1291,55),(1292,55),(1293,55),(1294,55),(1295,55),(1296,55),(1297,55),(1298,55),(1299,55),(1300,55),(1301,55),(1302,55),(1303,55),(1304,55),(1305,55),(1306,55),(1307,55),(1308,55),(1309,55),(1310,55),(1311,55),(1312,55),(1313,55),(1,56),(391,56),(1314,56),(1315,56),(1316,56),(1317,56),(1318,56),(1319,56),(1320,56),(1321,56),(1322,56),(1323,56),(1324,56),(1325,56),(1326,56),(114,57),(180,57),(574,57),(1095,57),(1327,57),(1328,57),(1329,57),(1330,57),(1331,57),(1332,57),(1333,57),(1334,57),(1335,57),(1336,57),(1337,57),(1338,57),(1339,57),(1340,57),(1341,57),(1342,57),(1343,57),(1,58),(1344,58),(1345,58),(1346,58),(1347,58),(1348,58),(1349,58),(1350,58),(1351,58),(1352,58),(1353,58),(1354,58),(1355,58),(1356,58),(1357,58),(24,59),(1358,59),(1359,59),(1360,59),(1361,59),(114,60),(634,60),(649,60),(659,60),(1028,60),(1362,60),(1363,60),(1364,60),(1365,60),(1366,60),(1367,60),(1368,60),(1369,60),(1,61),(2,61),(3,61),(4,61),(5,61),(6,61),(7,61),(8,61),(10,61),(11,61),(65,61),(533,61),(540,61),(542,61),(1370,61),(1371,61),(1372,61),(1373,61),(1374,61),(1375,61),(1376,61),(1377,61),(1378,61),(1379,61),(1,62),(316,62),(385,62),(464,62),(488,62),(1112,62),(1164,62),(1380,62),(1381,62),(1382,62),(1383,62),(1384,62),(1385,62),(1386,62),(1387,62),(1388,62),(1389,62),(1390,62),(1391,62),(1392,62),(1393,62),(1394,62),(1,63),(38,63),(322,63),(602,63),(971,63),(1058,63),(1173,63),(1219,63),(1395,63),(1396,63),(1397,63),(1398,63),(1399,63),(1400,63),(1401,63),(1402,63),(1403,63),(1404,63),(1405,63),(1406,63),(1407,63),(1408,63),(1409,63),(1410,63),(1411,63),(1412,63),(1413,63),(1414,63),(1415,63),(1416,63),(1417,63),(1418,63),(1419,63),(1,64),(46,64),(121,64),(483,64),(485,64),(764,64),(1319,64),(1420,64),(1421,64),(1422,64),(1423,64),(1424,64),(1425,64),(1426,64),(1427,64),(1428,64),(1429,64),(1430,64),(1431,64),(1432,64),(1433,64),(1434,64),(1435,64),(1436,64),(1437,64),(1438,64),(1439,64),(24,65),(284,65),(1440,65),(1441,65),(1442,65),(1443,65),(1444,65),(1445,65),(1446,65),(1447,65),(1448,65),(1449,65),(1450,65),(1451,65),(1452,65),(1453,65),(1,66),(51,66),(488,66),(878,66),(1128,66),(1454,66),(1455,66),(1456,66),(1457,66),(1,67),(1458,67),(1459,67),(1460,67),(1461,67),(1462,67),(1463,67),(1464,67),(1465,67),(1466,67),(1467,67),(1468,67),(1469,67),(1470,67),(1471,67),(1472,67),(1473,67),(1474,67),(1475,67),(1476,67),(1477,67),(1478,67),(1479,67),(1480,67),(1481,67),(1482,67),(114,68),(559,68),(818,68),(1483,68),(1484,68),(1485,68),(1486,68),(1487,68),(1488,68),(1489,68),(1490,68),(114,69),(559,69),(702,69),(818,69),(1491,69),(1492,69),(1493,69),(1494,69),(1495,69),(1496,69),(1497,69),(1498,69),(1499,69),(1500,69),(1501,69),(1502,69),(114,70),(1503,70),(1504,70),(1505,70),(1506,70),(1507,70),(1508,70),(1509,70),(1510,70),(1511,70),(1512,70),(1513,70),(1,71),(217,71),(1271,71),(1514,71),(1515,71),(1516,71),(1517,71),(1518,71),(1519,71),(1520,71),(1521,71),(1522,71),(1523,71),(1524,71),(1525,71),(1526,71),(1527,71),(1528,71),(1529,71),(1530,71),(1531,71),(1532,71),(1533,71),(1534,71),(1535,71),(1536,71),(1537,71),(1538,71),(1539,71),(1540,71),(1541,71),(1542,71),(1543,71),(1544,71),(1545,71),(1546,71),(1547,71),(1548,71),(1549,71),(1550,71),(1551,71),(1552,71),(1553,71),(1554,71),(1555,71),(1556,71),(1,72),(1557,72),(1558,72),(1559,72),(1560,72),(1561,72),(1562,72),(1563,72),(1564,72),(1565,72),(1566,72),(1567,72),(1568,72),(1569,72),(114,73),(634,73),(651,73),(1436,73),(1570,73),(1571,73),(1572,73),(1573,73),(1574,73),(1575,73),(1576,73),(1577,73),(1578,73),(1579,73),(1580,73),(1581,73),(1582,73),(1583,73),(1584,73),(1585,73),(1586,73),(1587,73),(1588,73),(1589,73),(1590,73),(1591,73),(1592,73),(1593,73),(1594,73),(1595,73),(1596,73),(1597,73),(1598,73),(1599,73),(1600,73),(1601,73),(1602,73),(1603,73),(1604,73),(1605,73),(1606,73),(1607,73),(1608,73),(1609,73),(1610,73),(1611,73),(1612,73),(24,74),(254,74),(1613,74),(1614,74),(1615,74),(1616,74),(1617,74),(1618,74),(1619,74),(1620,74),(1621,74),(1622,74),(1623,74),(1624,74),(1625,74),(114,75),(404,75),(1227,75),(1391,75),(1626,75),(1627,75),(1628,75),(1629,75),(1630,75),(1631,75),(1632,75),(1633,75),(114,76),(115,76),(358,76),(366,76),(369,76),(378,76),(559,76),(1330,76),(1333,76),(1496,76),(1497,76),(1615,76),(1634,76),(1635,76),(1636,76),(1637,76),(1638,76),(1639,76),(1640,76),(1641,76),(1642,76),(1643,76),(1644,76),(1645,76),(1646,76),(1647,76),(1648,76),(1649,76),(1650,76),(1651,76),(1652,76),(1653,76),(1654,76),(1655,76),(1656,76),(1657,76),(1658,76),(1659,76),(1660,76),(1661,76),(1662,76),(1663,76),(1664,76),(1665,76),(1666,76),(1667,76),(1668,76),(1669,76),(1670,76),(1671,76),(1672,76),(1673,76),(1,77),(666,77),(1342,77),(1674,77),(1675,77),(1676,77),(1677,77),(1678,77),(1679,77),(1680,77),(1681,77),(1682,77),(1683,77),(1684,77),(1685,77),(1686,77),(1687,77),(1688,77),(1689,77),(114,78),(452,78),(559,78),(826,78),(1190,78),(1690,78),(1691,78),(1692,78),(1693,78),(1694,78),(1695,78),(102,79),(114,79),(290,79),(673,79),(1696,79),(1697,79),(1698,79),(1699,79),(1700,79),(1701,79),(1702,79),(1703,79),(1704,79),(1705,79),(1706,79),(1707,79),(1708,79),(1709,79),(1710,79),(1711,79),(1712,79),(1,80),(1713,80),(1714,80),(1715,80),(1716,80),(1717,80),(1718,80),(1719,80),(1720,80),(1721,80),(1722,80),(1723,80),(1724,80),(1725,81),(1726,81),(1727,81),(1728,81),(1729,81),(1730,81),(1731,81),(1732,81),(1733,81),(1734,81),(1735,81),(1736,81),(1737,81),(1738,81),(1739,81),(1740,81),(1,82),(16,82),(482,82),(758,82),(1741,82),(1742,82),(1743,82),(1744,82),(1745,82),(1746,82),(1747,82),(1748,82),(114,83),(1749,83),(1750,83),(1751,83),(1752,83),(1753,83),(1754,83),(1755,83),(1756,83),(1757,83),(1758,83),(1759,83),(1760,83),(1,84),(848,84),(1175,84),(1252,84),(1255,84),(1761,84),(1762,84),(1763,84),(1764,84),(1765,84),(1766,84),(1767,84),(1768,84),(1769,84),(1770,84),(1771,84),(1772,84),(1773,84),(1774,84),(1775,84),(1776,84),(1777,84),(1778,84),(1779,84),(1780,84),(1781,84),(1782,84),(1783,84),(1784,84),(1785,84),(1786,84),(1787,84),(186,85),(667,85),(972,85),(1788,85),(1789,85),(1790,85),(1791,85),(1792,85),(1793,85),(1794,85),(1795,85),(1796,85),(1797,85),(1798,85),(1799,85),(1800,85),(24,86),(197,86),(617,86),(1239,86),(1801,86),(1802,86),(1803,86),(1804,86),(1805,86),(1806,86),(1807,86),(1808,86),(1809,86),(1810,86),(1811,86),(1812,86),(1813,86),(1814,86),(1815,86),(1816,86),(1817,86),(1818,86),(1819,86),(1820,86),(1821,86),(1822,86),(1823,86),(1824,86),(1825,86),(1826,86),(1,87),(24,87),(49,87),(327,87),(849,87),(1275,87),(1827,87),(1828,87),(1829,87),(1830,87),(1831,87),(1832,87),(1833,87),(1834,87),(1835,87),(1836,87),(1837,87),(1838,87),(1839,87),(1840,87),(1841,87),(1842,87),(1843,87),(1844,87),(1845,87),(1846,87),(1847,87),(1848,87),(1849,87),(1850,87),(1851,87),(1852,87),(1853,87),(1854,87),(1855,87),(1856,87),(1857,87),(1858,87),(1859,87),(1860,87),(1861,87),(1862,87),(1863,87),(1864,87),(1865,87),(1866,87),(1867,87),(1868,87),(1869,87),(1870,87),(1871,87),(1872,87),(1873,87),(1874,87),(1875,87),(1876,87),(1877,87),(1878,87),(1879,87),(1880,87),(1881,87),(1882,87),(1883,87),(1884,87),(1885,87),(1886,87),(1887,87),(1888,87),(1889,87),(1890,87),(1891,87),(1892,87),(1893,87),(1894,87),(1895,87),(1896,87),(1897,87),(1898,87),(1899,87),(1900,87),(1901,87),(1902,87),(1903,87),(1904,87),(1905,87),(1906,87),(1907,87),(1908,87),(1909,87),(1910,87),(1911,87),(1912,87),(1913,87),(1914,87),(1915,87),(1916,87),(1917,87),(1918,87),(1919,87),(1920,87),(1921,87),(1922,87),(1923,87),(1924,87),(1925,87),(1926,87),(1927,87),(1928,87),(1929,87),(1930,87),(1931,87),(1932,87),(1933,87),(1934,87),(1935,87),(1936,87),(1937,87),(1938,87),(1939,87),(1940,87),(1941,87),(1942,87),(1943,87),(36,88),(995,88),(1012,88),(1944,88),(1945,88),(1946,88),(1947,88),(1948,88),(1949,88),(1950,88),(24,89),(279,89),(754,89),(843,89),(1951,89),(1952,89),(1953,89),(1954,89),(1955,89),(1956,89),(1957,89),(1958,89),(1959,89),(47,90),(114,90),(554,90),(643,90),(1960,90),(1961,90),(1962,90),(1963,90),(1964,90),(1965,90),(1966,90),(1967,90),(1968,90),(1969,90),(36,91),(114,91),(758,91),(1485,91),(1970,91),(1971,91),(1972,91),(1973,91),(1974,91),(1975,91),(1976,91),(1977,91),(1978,91),(1979,91),(1980,91),(1981,91),(1982,91),(1983,91),(1984,91),(114,92),(1188,92),(1827,92),(1985,92),(1986,92),(1987,92),(1988,92),(1989,92),(1990,92),(1991,92),(1992,92),(1993,92),(1994,92),(1995,92),(1996,92),(1997,92),(1998,92),(1999,92),(2000,92),(2001,92),(2002,92),(114,93),(2003,93),(2004,93),(2005,93),(2006,93),(42,94),(43,94),(114,94),(118,94),(148,94),(358,94),(365,94),(369,94),(484,94),(677,94),(1115,94),(1619,94),(1623,94),(1643,94),(2007,94),(2008,94),(2009,94),(2010,94),(2011,94),(2012,94),(2013,94),(2014,94),(2015,94),(2016,94),(2017,94),(2018,94),(2019,94),(2020,94),(2021,94),(2022,94),(2023,94),(2024,94),(2025,94),(2026,94),(2027,94),(2028,94),(2029,94),(2030,94),(2031,94),(2032,94),(2033,94),(2034,94),(2035,94),(2036,94),(2037,94),(2038,94),(2039,94),(2040,94),(2041,94),(2042,94),(2043,94),(2044,94),(2045,94),(2046,94),(2047,94),(2048,94),(2049,94),(2050,94),(2051,94),(2052,94),(2053,94),(2054,94),(2055,94),(2056,94),(2057,94),(2058,94),(2059,94),(2060,94),(2061,94),(2062,94),(2063,94),(2064,94),(2065,94),(2066,94),(2067,94),(2068,94),(2069,94),(2070,94),(2071,94),(2072,94),(2073,94),(2074,94),(2075,94),(2076,94),(2077,94),(1,95),(25,95),(1316,95),(1689,95),(2078,95),(2079,95),(2080,95),(2081,95),(2082,95),(2083,95),(2084,95),(2085,95),(2086,95),(2087,95),(2088,95),(2089,95),(2090,95),(2091,95),(2092,95),(1,96),(1235,96),(2093,96),(2094,96),(2095,96),(2096,96),(2097,96),(2098,96),(2099,96),(2100,96),(2101,96),(114,97),(702,97),(1662,97),(2102,97),(2103,97),(2104,97),(2105,97),(2106,97),(2107,97),(2108,97),(2109,97),(2110,97),(2111,97),(2112,97),(2113,97),(2114,97),(2115,97),(114,98),(2074,98),(2116,98),(2117,98),(2118,98),(2119,98),(2120,98),(2121,98),(2122,98),(2123,98),(2124,98),(2125,98),(2126,98),(2127,98),(2128,98),(2129,98),(2130,98),(2131,98),(2132,98),(2133,98),(2134,98),(2135,98),(2136,98),(1,99),(357,99),(1176,99),(1249,99),(1262,99),(1550,99),(2137,99),(2138,99),(2139,99),(2140,99),(2141,99),(2142,99),(2143,99),(2144,99),(2145,99),(2146,99),(2147,99),(114,100),(617,100),(902,100),(1988,100),(2148,100),(2149,100),(2150,100),(2151,100),(2152,100),(2153,100),(2154,100),(2155,100),(2156,100),(2157,100),(2158,100),(2159,100),(2160,100),(2161,100),(2162,100),(2163,100),(2164,100),(2165,100),(2166,100),(2167,100),(2168,100),(2169,100),(1,101),(848,101),(1256,101),(1428,101),(2170,101),(2171,101),(2172,101),(2173,101),(2174,101),(2175,101),(2176,101),(2177,101),(2178,101),(2179,101),(2180,101),(2181,101),(2182,101),(2183,101),(2184,101),(2185,101),(2186,101),(2187,101),(2188,101),(114,102),(217,102),(702,102),(1488,102),(2189,102),(2190,102),(2191,102),(2192,102),(2193,102),(2194,102),(2195,102),(2196,102),(2197,102),(2198,102),(2199,102),(2200,102),(2201,102),(2202,102),(2203,102),(1,103),(363,103),(389,103),(404,103),(1087,103),(1235,103),(1436,103),(2204,103),(2205,103),(2206,103),(2207,103),(2208,103),(2209,103),(2210,103),(2211,103),(2212,103),(2213,103),(2214,103),(2215,103),(2216,103),(2217,103),(2218,103),(2219,103),(2220,103),(2221,103),(2222,103),(2223,103),(2224,103),(2225,103),(2226,103),(2227,103),(2228,103),(2229,103),(2230,103),(2231,103),(2232,103),(2233,103),(1,104),(633,104),(990,104),(1219,104),(2234,104),(2235,104),(2236,104),(2237,104),(2238,104),(2239,104),(1,105),(47,105),(58,105),(357,105),(1566,105),(2240,105),(2241,105),(2242,105),(2243,105),(2244,105),(2245,105),(2246,105),(2247,105),(24,106),(197,106),(498,106),(653,106),(1770,106),(2206,106),(2248,106),(2249,106),(2250,106),(2251,106),(2252,106),(2253,106),(2254,106),(2255,106),(2256,106),(2257,106),(2258,106),(2259,106),(2260,106),(2261,106),(2262,106),(2263,106),(2264,106),(2265,106),(2266,106),(2267,106),(2268,106),(2269,106),(2270,106),(2271,106),(2272,106),(2273,106),(2274,106),(2275,106),(2276,106),(2277,106),(2278,106),(2279,106),(2280,106),(2281,106),(2282,106),(2283,106),(2284,106),(2285,106),(2286,106),(2287,106),(2288,106),(2289,106),(2290,106),(2291,106),(2292,106),(2293,106),(2294,106),(2295,106),(2296,106),(2297,106),(2298,106),(2299,106),(2300,106),(2301,106),(2302,106),(2303,106),(2304,106),(2305,106),(2306,106),(923,107),(995,107),(2307,107),(64,108),(114,108),(276,108),(432,108),(549,108),(1162,108),(2308,108),(2309,108),(2310,108),(2311,108),(2312,108),(2313,108),(2314,108),(2315,108),(2316,108),(2317,108),(2318,108),(2319,109),(2320,109),(1,110),(394,110),(2321,110),(2322,110),(2323,110),(2324,110),(2325,110),(2326,110),(2327,110),(2328,110),(2329,110),(2330,110),(2331,110),(2332,110),(2333,110),(2334,110),(2335,110),(2336,110),(1,111),(2,111),(6,111),(322,111),(339,111),(783,111),(1110,111),(1289,111),(1375,111),(1376,111),(1514,111),(1764,111),(2168,111),(2337,111),(2338,111),(2339,111),(2340,111),(2341,111),(2342,111),(2343,111),(2344,111),(2345,111),(2346,111),(2347,111),(2348,111),(2349,111),(2350,111),(2351,111),(2352,111),(2353,111),(2354,111),(2355,111),(2356,111),(2357,111),(2358,111),(2359,111),(2360,111),(2361,111),(2362,111),(2363,111),(2364,111),(2365,111),(2366,111),(2367,111),(2368,111),(2369,111),(2370,111),(1,112),(807,112),(1828,112),(504,113),(529,113),(753,113),(850,113),(2146,113),(2371,113),(2372,113),(2373,113),(2374,113),(2375,113),(2376,113),(2377,113),(2378,113),(2379,113),(2380,113),(2381,113),(2382,113),(2383,113),(2384,113),(2385,113),(24,114),(27,114),(607,114),(851,114),(897,114),(978,114),(1828,114),(2250,114),(2264,114),(2266,114),(2281,114),(2386,114),(2387,114),(2388,114),(2389,114),(2390,114),(2391,114),(2392,114),(2393,114),(2394,114),(2395,114),(2396,114),(2397,114),(2398,114),(2399,114),(2400,114),(2401,114),(2402,114),(2403,114),(2404,114),(2405,114),(2406,114),(2407,114),(2408,114),(2409,114),(2410,114),(2411,114),(2412,114),(2413,114),(2414,114),(2415,114),(2416,114),(2417,114),(2418,114),(2419,114),(2420,114),(2421,114),(2422,114),(2423,114),(2424,114),(2425,114),(2426,114),(2427,114),(2428,114),(2429,114),(2430,114),(2431,114),(2432,114),(2433,114),(2434,114),(2435,114),(2436,114),(2437,114),(2438,114),(2439,114),(2440,114),(2441,114),(2442,114),(2443,114),(2444,114),(2445,114),(24,115),(2446,115),(2447,115),(2448,115),(2449,115),(2450,115),(2451,115),(2452,115),(2453,115),(2454,115),(2455,115),(2456,115),(2457,115),(2458,115),(2459,115),(2460,115),(2461,115),(2462,115),(2463,115),(2464,115),(2465,115),(2466,115),(574,116),(1383,116),(1514,116),(2467,116),(2468,116),(2469,116),(2470,116),(2471,116),(2472,116),(2473,116),(2474,116),(2475,116),(2476,116),(2477,116),(2478,116),(2479,116),(2480,116),(2481,116),(1,117),(19,117),(846,117),(1162,117),(1226,117),(1370,117),(2481,117),(2482,117),(2483,117),(2484,117),(2485,117),(2486,117),(2487,117),(2488,117),(2489,117),(2490,117),(2491,117),(2492,117),(2493,117),(2494,117),(2495,117),(1,118),(299,118),(608,118),(1243,118),(1830,118),(2371,118),(2479,118),(2496,118),(2497,118),(2498,118),(2499,118),(2500,118),(2501,118),(2502,118),(2503,118),(2504,118),(2505,118),(114,119),(2506,119),(2507,119),(2508,119),(2509,119),(22,120),(405,120),(753,120),(853,120),(2510,120),(2511,120),(2512,120),(2513,120),(2514,120),(2515,120),(2516,120),(2517,120),(2518,120),(2519,120),(2520,120),(2521,120),(2522,120),(2523,120),(2524,120),(2525,120),(2526,120),(2527,120),(2528,120),(2529,120),(2530,120),(2531,120),(24,121),(181,121),(308,121),(2532,121),(2533,121),(2534,121),(2535,121),(2536,121),(2537,121),(2538,121),(2539,121),(2540,121),(2541,121),(2542,121),(2543,121),(2544,121),(2545,121),(2546,121),(2547,121),(780,122),(2153,122),(2548,122),(2549,122),(2550,122),(2551,122),(2552,122),(2553,122),(2554,122),(2555,122),(2556,122),(2557,122),(2558,122),(2559,122),(2560,122),(2561,122),(2562,122),(2563,122),(2564,122),(2565,122),(2566,122),(24,123),(773,123),(902,123),(1175,123),(2567,123),(2568,123),(2569,123),(2570,123),(2571,123),(2572,123),(2573,123),(2574,123),(2575,123),(2576,123),(2577,123),(2578,123),(2579,123),(2580,123),(2581,123),(24,124),(2582,124),(2583,124),(2584,124),(2585,124),(2586,124),(2587,124),(1,125),(64,125),(339,125),(624,125),(641,125),(761,125),(1029,125),(2258,125),(2503,125),(2588,125),(2589,125),(2590,125),(2591,125),(2592,125),(2593,125),(2594,125),(2595,125),(2596,125),(2597,125),(2598,125),(2599,125),(2600,125),(2601,125),(2602,125),(2603,125),(2604,125),(2605,125),(2606,125),(2607,125),(2608,125),(1,126),(55,126),(292,126),(853,126),(1098,126),(2609,126),(2610,126),(2611,126),(2612,126),(2613,126),(2614,126),(2615,126),(2616,126),(2617,126),(2618,126),(2619,126),(2620,126),(2621,126),(2622,126),(2623,126),(2624,126),(2625,126),(2626,126),(2627,126),(2628,126),(2629,126),(2630,126),(2631,126),(2632,126),(2633,126),(2634,126),(2635,126),(2636,126),(2637,126),(2638,126),(2639,126),(2640,126),(2641,126),(2642,126),(2643,126),(2644,126),(2645,126),(2646,126),(2647,126),(2648,126),(2649,126),(2650,126),(114,127),(618,127),(1329,127),(2651,127),(2652,127),(2653,127),(2654,127),(2655,127),(2656,127),(2657,127),(2658,127),(2659,127),(2660,127),(2661,127),(2662,127),(659,128),(759,128),(1033,128),(1333,128),(2388,128),(2469,128),(2663,128),(2664,128),(2665,128),(2666,128),(2667,128),(2668,128),(2669,128),(2670,128),(2671,128),(2672,128),(2673,128),(2674,128),(2675,128),(2676,128),(2677,128),(2678,128),(2679,128),(2680,128),(1952,129),(2681,129),(2682,129),(2683,129),(2684,129),(2685,129),(2686,129),(2687,129),(2688,129),(2689,129),(2690,129),(2691,129),(2692,129),(2693,129),(2694,129),(2695,129),(2696,129),(2697,129),(315,130),(629,130),(659,130),(990,130),(2174,130),(2651,130),(2698,130),(2699,130),(2700,130),(2701,130),(2702,130),(2703,130),(2704,130),(2705,130),(2706,130),(2707,130),(2708,130),(2709,130),(2710,130),(2711,130),(2712,130),(2713,130),(2714,130),(2715,130),(2716,130),(2717,130),(2718,130),(2719,130),(2720,130),(2721,130),(2722,130),(2723,130),(2724,130),(2725,130),(2726,130),(2727,130),(2728,130),(2729,130),(2730,130),(2731,130),(2732,130),(2733,130),(2734,130),(2735,130),(2736,130),(2737,130),(2738,130),(2739,130),(2740,130),(2741,130),(2742,130),(2743,130),(2744,130),(2745,130),(2746,130),(2747,130),(2748,130),(2749,130),(2750,130),(2751,130),(2752,130),(2753,130),(2754,130),(2755,130),(2756,130),(2757,130),(2758,130),(2759,130),(2760,130),(2761,130),(2762,130),(2763,130),(2764,130),(2765,130),(2766,130),(2767,130),(2768,130),(2769,130),(2770,130),(2771,130),(2772,130),(2773,130),(2774,130),(1,131),(2775,131),(2776,131),(2777,131),(24,132),(318,132),(821,132),(1397,132),(1697,132),(2264,132),(2421,132),(2445,132),(2687,132),(2778,132),(2779,132),(2780,132),(2781,132),(2782,132),(2783,132),(2784,132),(2785,132),(2786,132),(2787,132),(2788,132),(2789,132),(2790,132),(2791,132),(2792,132),(2793,132),(2794,132),(24,133),(843,133),(2795,133),(2796,133),(2797,133),(2798,133),(2799,133),(2800,133),(2801,133),(2802,133),(114,134),(841,134),(2197,134),(2803,134),(2804,134),(2805,134),(2806,134),(2807,134),(2808,134),(2809,134),(2810,134),(2811,134),(2812,134),(2813,134),(2814,134),(2815,134),(2816,134),(2817,134),(2818,134),(1,135),(2,135),(3,135),(5,135),(6,135),(8,135),(9,135),(10,135),(11,135),(65,135),(322,135),(508,135),(529,135),(535,135),(539,135),(540,135),(739,135),(1145,135),(1372,135),(1373,135),(1377,135),(1379,135),(2344,135),(2354,135),(2502,135),(2819,135),(2820,135),(2821,135),(2822,135),(2823,135),(2824,135),(2825,135),(2826,135),(2827,135),(2828,135),(2829,135),(2830,135),(2831,135),(2832,135),(2833,135),(2834,135),(2835,135),(2836,135),(2837,135),(2838,135),(2839,136),(2840,136),(24,137),(645,137),(2703,137),(2841,137),(2842,137),(2843,137),(2844,137),(2845,137),(2846,137),(2847,137),(2848,137),(2849,137),(2850,137),(2851,137),(2852,137),(2853,137),(2854,137),(2855,137),(2856,137),(2857,137),(2858,137),(2859,137),(2860,137),(2861,137),(2862,137),(2863,137),(2864,137),(2865,137),(2866,137),(114,138),(1380,138),(2506,138),(2867,138),(2868,138),(2869,138),(2870,138),(2871,138),(2872,138),(2873,138),(2874,138),(2875,138),(2876,138),(2877,138),(2878,138),(2879,138),(2880,138),(2881,138),(2882,138),(2883,138),(2884,138),(2885,138),(24,139),(1,140),(2,140),(783,140),(1376,140),(1378,140),(2886,140),(2887,140),(2888,140),(2889,140),(2890,140),(2891,140),(2892,140),(771,141),(2510,141),(2849,141),(2893,141),(2894,141),(2895,141),(2896,141),(2897,141),(2898,141),(2899,141),(2900,141),(2901,141),(2902,141),(2903,141),(2904,141),(2905,141),(2906,141),(2907,141),(2908,141),(2909,141),(2910,141),(2911,141),(1,142),(488,142),(640,142),(1585,142),(1725,142),(2371,142),(2605,142),(2912,142),(2913,142),(2914,142),(2915,142),(2916,142),(2917,142),(2918,142),(2919,142),(2920,142),(2921,142),(341,143),(808,143),(850,143),(1177,143),(1243,143),(2922,143),(2923,143),(2924,143),(2925,143),(2926,143),(2927,143),(2928,143),(2929,143),(2930,143),(2931,143),(2932,143),(2933,143),(2934,143),(2935,143),(2936,143),(2937,143),(2938,143),(2939,143),(2940,143),(2941,143),(2942,143),(2943,143),(2944,143),(2945,143),(2946,143),(2947,143),(2948,143),(2949,143),(2950,143),(2951,143),(2952,143),(2953,143),(2954,143),(2955,143),(2956,143),(2957,143),(2958,143),(2959,143),(2960,143),(2961,143),(2962,143),(2963,143),(2964,143),(2965,143),(2966,143),(2967,143),(2968,143),(2969,143),(2970,143),(24,144),(790,144),(2501,144),(2971,144),(2972,144),(2973,144),(2974,144),(2975,144),(2976,144),(2977,144),(2978,144),(2979,144),(2980,144),(2981,144),(2982,144),(2983,144),(2984,144),(2985,144),(2986,144),(1,145),(821,145),(1177,145),(1514,145),(2987,145),(2988,145),(2989,145),(2990,145),(2991,145),(2992,145),(2993,145),(2994,145),(2995,145),(2996,145),(2997,145),(2998,145),(2999,145),(3000,145),(3001,145),(3002,145),(3003,145),(114,146),(400,146),(1380,146),(2506,146),(2867,146),(2868,146),(2870,146),(2874,146),(2876,146),(2885,146),(3004,146),(3005,146),(3006,146),(3007,146),(3008,146),(3009,146),(3010,146),(1,147),(185,147),(2393,147),(2980,147),(3011,147),(3012,147),(3013,147),(3014,147),(3015,147),(3016,147),(3017,147),(3018,147),(3019,147),(3020,147),(3021,147),(3022,147),(3023,147),(1,148),(62,148),(185,148),(506,148),(617,148),(2151,148),(3024,148),(3025,148),(3026,148),(3027,148),(3028,148),(3029,148),(3030,148),(3031,148),(3032,148),(3033,148),(3034,148),(3035,148),(3036,148),(3037,148),(3038,148),(3039,148),(3040,148),(3041,148),(3042,148),(3043,148),(3044,148),(3045,148),(3046,148),(3047,148),(1,149),(14,149),(1087,149),(2551,149),(2599,149),(2685,149),(3048,149),(3049,149),(3050,149),(3051,149),(3052,149),(3053,149),(3054,149),(3055,149),(3056,149),(3057,149),(3058,149),(3059,149),(3060,149),(3061,149),(3062,149),(3063,149),(3064,149),(3065,149),(3066,149),(3067,149),(3068,149),(24,151),(678,151),(1086,151),(1144,151),(1869,151),(1998,151),(2140,151),(2460,151),(2474,151),(3012,151),(3069,151),(3070,151),(3071,151),(3072,151),(3073,151),(3074,151),(3075,151),(3076,151),(3077,151),(3078,151),(3079,151),(3080,151),(3081,151),(3082,151),(3083,151),(3084,151),(3085,151),(3086,151),(3087,151),(3088,151),(3089,151),(3090,151),(3091,151),(3092,151),(3093,151),(3094,151),(3095,151),(3096,151),(3097,151),(3098,151),(3099,151),(3100,151),(3101,151),(3102,151),(3103,151),(3104,151),(3105,151),(3106,151),(3107,151),(3108,151),(3109,151),(3110,151),(3111,151),(3112,151),(3113,151),(3114,151),(3115,151),(3116,151),(3117,151),(3118,151),(3119,151),(3120,151),(3121,151),(3122,151),(3123,151),(3124,151),(3125,151),(3126,151),(3127,151),(3128,151),(3129,151),(3130,151),(3131,151),(3132,151),(3133,151),(3134,151),(3135,151),(3136,151),(3137,151),(3138,151),(3139,151),(3140,151),(3141,151),(3142,151),(3143,151),(3144,151),(3145,151),(3146,151),(3147,151),(3148,151),(3149,151),(3150,151),(3151,151),(3152,151),(3153,151),(3154,151),(3155,151),(3156,151),(3157,151),(3158,151),(3159,151),(3160,151),(3161,151),(3162,151),(3163,151),(3164,151),(3165,151),(3166,151),(3167,151),(3168,151),(3169,151),(3170,151),(3171,151),(3172,151),(3173,151),(24,152),(843,152),(2539,152),(3174,152),(3175,152),(3176,152),(3177,152),(3178,152),(3179,152),(3180,152),(3181,152),(3182,152),(3183,152),(3184,152),(3185,152),(3186,152),(3187,152),(3188,152),(3189,152),(3190,152),(3191,152),(3192,152),(3193,152),(3194,152),(3195,152),(3196,152),(3197,152),(3198,152),(3199,152),(3200,152),(3201,152),(366,153),(618,153),(855,153),(1530,153),(2174,153),(2256,153),(2686,153),(3202,153),(3203,153),(3204,153),(3205,153),(3206,153),(3207,153),(3208,153),(3209,153),(3210,153),(3211,153),(3212,153),(3213,153),(3214,153),(3215,153),(3216,153),(3217,153),(3218,153),(3219,153),(3220,153),(3221,153),(3222,153),(3223,153),(3224,153),(3225,153),(3226,153),(3227,153),(3228,153),(3229,153),(3230,153),(3231,153),(3232,153),(3233,153),(3234,153),(653,154),(852,154),(1316,154),(3235,154),(3236,154),(3237,154),(3238,154),(3239,154),(3240,154),(3241,154),(3242,154),(3243,154),(3244,154),(3245,154),(3246,154),(3247,154),(3248,154),(3249,154),(3250,154),(641,155),(850,155),(2391,155),(2569,155),(2780,155),(3160,155),(3251,155),(3252,155),(3253,155),(3254,155),(3255,155),(3256,155),(3257,155),(3258,155),(3259,155),(3260,155),(3261,155),(3262,155),(3263,155),(3264,155),(3265,155),(3266,155),(3267,155),(3268,155),(3269,155),(3270,155),(3271,155),(3272,155),(3273,155),(3274,155),(3275,155),(3276,155),(3277,155),(3278,155),(3279,155),(3280,155),(3281,155),(3282,155),(3283,155),(3284,155),(3285,155),(3286,155),(3287,155),(3288,155),(3289,155),(3290,155),(3291,155),(3292,155),(3293,155),(3294,155),(3295,155),(1,156),(1061,156),(2682,156),(3242,156),(3296,156),(3297,156),(3298,156),(3299,156),(3300,156),(3301,156),(3302,156),(3303,156),(3304,156),(3305,156),(3306,156),(3307,156),(3308,156),(114,157),(300,157),(605,157),(2000,157),(2506,157),(2704,157),(3309,157),(3310,157),(3311,157),(3312,157),(3313,157),(3314,157),(3315,157),(3316,157),(3317,157),(3318,157),(3319,157),(3320,157),(3321,157),(3322,157),(3323,157),(3324,157),(3325,157),(3326,157),(3327,157),(3328,157),(3329,157),(3330,157),(3331,157),(3332,157),(3333,157),(3334,157),(3335,157),(3336,157),(3337,157),(3338,157),(1,158),(2,158),(3,158),(5,158),(1483,158),(2819,158),(2821,158),(2824,158),(1,159),(116,159),(453,159),(850,159),(3339,159),(3340,159),(3341,159),(3342,159),(3343,159),(3344,159),(3345,159),(3346,159),(3347,159),(3348,159),(3349,159),(3350,159),(3351,159),(3352,159),(1,160),(3328,160),(3353,160),(3354,160),(3355,160),(3356,160),(3357,160),(3358,160),(3359,160),(3360,160),(3361,160),(3362,160),(3363,160),(3364,160),(3365,160),(3366,160),(3367,160),(3368,160),(3369,160),(3370,160),(3371,160),(114,161),(351,161),(820,161),(1514,161),(1825,161),(2506,161),(2892,161),(2982,161),(3372,161),(3373,161),(3374,161),(3375,161),(3376,161),(3377,161),(3378,161),(3379,161),(3380,161),(3381,161),(3382,161),(3383,161),(3384,161),(3385,161),(3386,161),(3387,161),(3388,161),(3389,161),(3390,161),(3391,161),(3392,161),(114,162),(644,162),(1061,162),(2651,162),(3160,162),(3393,162),(3394,162),(3395,162),(3396,162),(3397,162),(3398,162),(3399,162),(3400,162),(3401,162),(3402,162),(3403,162),(3404,162),(3405,162),(3406,162),(3407,162),(3408,162),(3409,162),(3410,162),(3411,162),(3412,162),(3413,162),(3414,162),(3415,162),(3416,162),(3417,162),(3418,162),(3419,162),(3420,162),(3421,162),(3422,162),(3423,162),(3424,162),(3425,162),(3426,162),(3427,162),(3428,162),(3429,162),(3430,162),(3431,162),(3432,162),(3433,162),(3434,162),(3435,162),(3436,162),(3437,162),(3438,162),(3439,162),(3440,162),(3441,162),(3442,162),(3443,162),(3444,162),(114,163),(2102,163),(2104,163),(2875,163),(3445,163),(3446,163),(3447,163),(3448,163),(101,164),(114,164),(429,164),(807,164),(1370,164),(2123,164),(2506,164),(2867,164),(2868,164),(2870,164),(2874,164),(2885,164),(3392,164),(3449,164),(3450,164),(3451,164),(3452,164),(3453,164),(3454,164),(3455,164),(3456,164),(3457,164),(3458,164),(3459,164),(3460,164),(3461,164),(3462,164),(3463,164),(3464,164),(3465,164),(3466,164),(1,165),(2,165),(3,165),(5,165),(6,165),(65,165),(322,165),(1145,165),(1372,165),(1373,165),(2344,165),(2819,165),(2821,165),(2822,165),(2824,165),(2825,165),(2826,165),(3467,165),(3468,165),(3469,165),(3470,165),(1,166),(2,166),(3,166),(5,166),(6,166),(65,166),(1145,166),(1372,166),(1699,166),(2819,166),(2820,166),(2824,166),(2825,166),(2827,166),(2830,166),(2832,166),(3471,166),(3472,166),(3473,166),(3474,166),(114,167),(3475,167),(3476,167),(3477,167),(3478,167),(3479,167),(505,168),(1107,168),(3480,168),(3481,168),(3482,168),(3483,168),(3484,168),(437,169),(2273,169),(2551,169),(2573,169),(3485,169),(3486,169),(3487,169),(3488,169),(3489,169),(3490,169),(3491,169),(3492,169),(3493,169),(1,170),(7,170),(1726,170),(2354,170),(3494,170),(3495,170),(3496,170),(3497,170),(3498,170),(3499,170),(3500,170),(3501,170),(3502,170),(3503,170),(3504,170),(1,171),(2,171),(3,171),(5,171),(6,171),(65,171),(533,171),(539,171),(1372,171),(2819,171),(2820,171),(2824,171),(2825,171),(2827,171),(2830,171),(2832,171),(2833,171),(2838,171),(3468,171),(3505,171),(3506,171),(3507,171),(3508,171),(3509,171),(3510,171),(3511,171),(3512,171),(3513,171),(1,172),(2,172),(3,172),(5,172),(65,172),(2821,172),(2824,172),(3514,172),(114,173),(222,173),(1176,173),(3178,173),(3247,173),(3515,173),(3516,173),(3517,173),(3518,173),(3519,173),(3520,173),(3521,173),(3522,173),(3523,173),(3524,173),(3525,173),(3526,173),(3527,173),(3528,173),(3529,173),(3530,173),(3531,173),(3532,173),(3533,173),(3534,173),(3535,173),(3536,173),(3537,173),(3538,173),(3539,173),(3540,173),(3541,173),(315,174),(629,174),(659,174),(773,174),(1698,174),(2174,174),(2651,174),(2698,174),(2700,174),(2704,174),(3542,174),(3543,174),(3544,174),(3545,174),(3546,174),(3547,174),(3548,174),(3549,174),(1404,175),(2080,175),(2391,175),(2916,175),(3550,175),(3551,175),(3552,175),(3553,175),(3554,175),(3555,175),(3556,175),(3557,175),(3558,175),(3559,175),(3560,175),(3561,175),(3562,175),(1,176),(318,176),(369,176),(508,176),(783,176),(808,176),(1282,176),(3373,176),(3385,176),(3563,176),(3564,176),(3565,176),(3566,176),(3567,176),(3568,176),(3569,176),(3570,176),(3571,176),(3572,176),(3573,176),(3574,176),(3575,176),(3576,176),(3577,176),(3578,176),(114,177),(3074,177),(3076,177),(3118,177),(3540,177),(3579,177),(3580,177),(3581,177),(3582,177),(3583,177),(3584,177),(3585,177),(3586,177),(3587,177),(3588,177),(3589,177),(3590,177),(3591,177),(3592,177),(3593,177),(3594,177),(3595,177),(3596,177),(3597,177),(3598,177),(3599,177),(24,178),(2843,178),(2849,178),(3554,178),(3600,178),(3601,178),(3602,178),(3603,178),(3604,178),(3605,178),(3606,178),(3607,178),(3608,178),(3609,178),(3610,178),(3611,178),(3612,178),(3613,178),(3614,178),(1,179),(36,179),(3562,179),(3615,179),(3616,179),(3617,179),(3618,179),(3619,179),(3620,179),(3621,179),(3622,179),(3623,179),(3624,179),(3625,179),(3626,179),(3627,179),(3628,179),(3629,179),(3630,179),(3631,179),(3632,179),(3633,179),(3634,179),(3635,179),(3636,179),(3637,179),(3638,179),(3639,179),(3640,179),(3641,179),(3642,179),(3643,179),(3644,179),(3645,179),(3646,179),(3647,179),(3648,179),(3649,179),(3650,179),(3651,179),(3652,179),(3653,179),(3654,179),(3655,179),(3656,179),(3657,179),(3658,179),(3659,179),(3660,179),(3661,179),(3662,179),(3663,179),(3664,179),(3665,179),(3666,179),(3667,179),(3668,179),(3669,179),(3670,179),(3671,179),(3672,179),(3673,179),(3674,179),(3675,179),(3676,179),(3677,179),(3678,179),(3679,179),(3680,179),(3681,179),(3682,179),(3683,179),(3684,179),(3685,179),(3686,179),(3687,179),(3688,179),(3689,179),(1,180),(2251,180),(2414,180),(2534,180),(2717,180),(3317,180),(3490,180),(3690,180),(3691,180),(3692,180),(3693,180),(3694,180),(3695,180),(3696,180),(3697,180),(3698,180),(3699,180),(3700,180),(3701,180),(3702,180),(3703,180),(3704,180),(3705,180),(3706,180),(3707,180),(3708,180),(3709,180),(3710,180),(3711,180),(3712,180),(3713,180),(3714,180),(3715,180),(3716,180),(3717,180),(3718,180),(3719,180),(3720,180),(3721,180),(3722,180),(3723,180),(3724,180),(3725,180),(3726,180),(3727,180),(3728,180),(3729,180),(3730,180),(3731,180),(3732,180),(3733,180),(3734,180),(3735,180),(3736,180),(3737,180),(3738,180),(3739,180),(3740,180),(3741,180),(3742,180),(3743,180),(3744,180),(3745,180),(3746,180),(3747,180),(3748,180),(629,181),(2849,181),(3749,181),(3750,181),(3751,181),(3752,181),(3753,181),(24,182),(152,182),(1503,182),(3754,182),(3755,182),(3756,182),(3757,182),(3758,182),(488,183),(1725,183),(1726,183),(1727,183),(1728,183),(1729,183),(1731,183),(1732,183),(1735,183),(3759,183),(3760,183),(3761,183),(3762,183),(3763,183),(3764,183),(3765,183),(3766,183),(3767,183),(3768,183),(3769,183),(3770,183),(3771,183),(3772,183),(3773,183),(3774,183),(3775,183),(3776,183),(3777,183),(3778,183),(3779,183),(3780,183),(3781,183),(3782,183),(3783,183),(3784,183),(3785,183),(3786,183),(3787,183),(1,184),(486,184),(488,184),(490,184),(753,184),(3055,184),(3788,184),(3789,184),(3790,184),(1,185),(3791,185),(3792,185),(3793,185),(3794,185),(3795,185),(3796,185),(3797,185),(3798,185),(3799,185),(3800,185),(1,186),(1360,186),(3028,186),(3801,186),(3802,186),(3803,186),(3804,186),(3805,186),(3806,186),(3807,186),(3808,186),(3809,186),(1,187),(3810,187),(3811,187),(3812,187),(3813,187),(1,188),(134,188),(321,188),(1427,188),(1503,188),(3522,188),(3752,188),(3814,188),(3815,188),(3816,188),(3817,188),(3818,188),(3819,188),(3820,188),(3821,188),(3822,188),(3823,188),(3824,188),(3825,188),(3826,188),(3827,188),(3828,188),(3829,188),(3830,188),(3831,188),(3832,188),(3833,188),(3834,188),(3835,188),(3836,188),(3837,188),(3838,188),(3839,188),(3840,188),(3841,188),(3842,188),(3843,188),(3844,188),(3845,188),(3846,188),(3847,188),(1,189),(3802,189),(3848,189),(3849,189),(3850,189),(3851,189),(3852,189),(3853,189),(3854,189),(3855,189),(3856,189),(3857,189),(3858,189),(3859,189),(3860,189),(3861,189),(3862,189),(24,190),(1180,190),(3863,190),(3864,190),(3865,190),(3866,190),(3867,190),(3868,190),(3869,190),(3870,190),(3871,190),(3872,190),(3873,190),(3874,190),(3875,190),(3876,190),(3877,190),(3878,190),(3879,190),(3880,190),(3881,190),(3882,190),(3883,190),(3884,190),(3885,190),(3886,190),(3887,190),(3888,190),(3889,190),(3890,190),(3891,191),(3892,191),(852,192),(1242,192),(1804,192),(1952,192),(2174,192),(2574,192),(2928,192),(3118,192),(3893,192),(3894,192),(3895,192),(3896,192),(3897,192),(3898,192),(3899,192),(3900,192),(3901,192),(3902,192),(3903,192),(3904,192),(3905,192),(3906,192),(3907,192),(3908,192),(3909,192),(3910,192),(3911,192),(3912,192),(3913,192),(1,193),(107,193),(184,193),(850,193),(1027,193),(1205,193),(1245,193),(1397,193),(2980,193),(3012,193),(3015,193),(3914,193),(3915,193),(3916,193),(1,194),(482,194),(2478,194),(3203,194),(3368,194),(3917,194),(3918,194),(3919,194),(3920,194),(3921,194),(3922,194),(3923,194),(3924,194),(3925,194),(3926,194),(3927,194),(3928,194),(3929,194),(1,195),(26,195),(641,195),(1445,195),(1833,195),(2513,195),(2843,195),(3060,195),(3253,195),(3930,195),(3931,195),(3932,195),(3933,195),(3934,195),(3935,195),(3936,195),(3937,195),(3938,195),(3939,195),(3940,195),(3941,195),(3942,195),(3943,195),(3944,195),(3945,195),(3946,195),(3947,195),(3948,195),(3949,195),(3950,195),(3951,195),(3952,195),(3953,195),(3954,195),(3955,195),(3956,195),(3957,195),(3958,195),(114,196),(2932,196),(3292,196),(3402,196),(3959,196),(3960,196),(3961,196),(3962,196),(3963,196),(3964,196),(3965,196),(3966,196),(3967,196),(3968,196),(3969,196),(3970,196),(3971,196),(3972,196),(3973,196),(3974,196),(3975,196),(3976,196),(3977,196),(3978,196),(3979,196),(3980,196),(3981,196),(3982,196),(3983,196),(3984,196),(3985,196),(3986,196),(3987,196),(3988,196),(3989,196),(3990,196),(3991,196),(3992,196),(3993,196),(3994,196),(3995,196),(3996,196),(3997,196),(3998,196),(3999,196),(4000,196),(4001,196),(4002,196),(4003,196),(4004,196),(4005,196),(4006,196),(4007,196),(4008,196),(4009,196),(4010,196),(4011,196),(4012,196),(4013,196),(114,197),(549,197),(550,197),(551,197);
/*!40000 ALTER TABLE `Roles` ENABLE KEYS */;
UNLOCK TABLES;
/*!40103 SET TIME_ZONE=@OLD_TIME_ZONE */;

/*!40101 SET SQL_MODE=@OLD_SQL_MODE */;
/*!40014 SET FOREIGN_KEY_CHECKS=@OLD_FOREIGN_KEY_CHECKS */;
/*!40014 SET UNIQUE_CHECKS=@OLD_UNIQUE_CHECKS */;
/*!40101 SET CHARACTER_SET_CLIENT=@OLD_CHARACTER_SET_CLIENT */;
/*!40101 SET CHARACTER_SET_RESULTS=@OLD_CHARACTER_SET_RESULTS */;
/*!40101 SET COLLATION_CONNECTION=@OLD_COLLATION_CONNECTION */;
/*!40111 SET SQL_NOTES=@OLD_SQL_NOTES */;

